,ticker,quarter,year,pte,ptb,roe,roa,epsChange,bookValuePerShareChange,payableOnEquity,equityOnAsset,potentialScore,riskScore,potential
0,BID,4,2022,0.12103746397694522,0.2564102564102565,1.0,1.0,0.38067520372526187,0.43004115226337447,0.4400000000000001,0.4444444444444446,0.294190545933235,0.705809454066765,0.0
1,BID,3,2022,0.06051873198847261,0.12820512820512822,0.8285714285714284,1.0,0.529685681024447,0.5164609053497943,0.4400000000000001,0.4444444444444446,0.29342525276669984,0.7065747472333002,0.0
2,BID,2,2022,0.12968299711815562,0.15384615384615388,0.5428571428571427,0.5000000000000001,0.39115250291036086,0.4547325102880658,0.5466666666666669,0.3333333333333333,0.4001440886766436,0.5998559113233565,0.0
3,BID,1,2022,0.3054755043227666,0.3076923076923077,0.42857142857142866,0.5000000000000001,0.34109429569266586,0.4444444444444445,0.4800000000000002,0.4444444444444446,0.44107765675405514,0.5589223432459449,0.0
4,BID,4,2021,0.2680115273775216,0.2564102564102565,0.36190476190476195,0.25000000000000006,0.3073341094295693,0.37037037037037035,0.45333333333333314,0.4444444444444446,0.4738863687590918,0.5261136312409083,0.0
5,BID,3,2021,0.21037463976945245,0.15384615384615388,0.2857142857142857,0.25000000000000006,0.23282887077997672,0.39711934156378603,0.34666666666666685,0.5555555555555555,0.38802441985773656,0.6119755801422635,0.0
6,BID,2,2021,0.2968299711815562,0.2564102564102565,0.3142857142857143,0.5000000000000001,0.47264260768335276,0.41975308641975306,0.3199999999999998,0.5555555555555555,0.4292433824453261,0.5707566175546738,0.0
7,BID,1,2021,0.34582132564841495,0.23076923076923084,0.1333333333333333,0.25000000000000006,0.4423748544819558,0.42592592592592593,0.25333333333333313,0.6666666666666666,0.46295295943158454,0.5370470405684156,0.0
8,BID,4,2020,0.5302593659942362,0.3076923076923077,0.0,0.0,0.054714784633294516,0.32098765432098764,0.26666666666666666,0.6666666666666666,0.5399813246045682,0.46001867539543195,1.0
9,BID,3,2020,0.2997118155619596,0.20512820512820518,0.30476190476190473,0.25000000000000006,0.2817229336437718,0.40946502057613166,0.13333333333333333,0.7777777777777779,0.3455787014064158,0.6544212985935842,0.0
10,BID,2,2020,0.2795389048991354,0.1794871794871795,0.2952380952380952,0.25000000000000006,0.27939464493597205,0.3724279835390946,0.1599999999999999,0.7777777777777779,0.34636377481457364,0.6536362251854263,0.0
11,BID,1,2020,0.19596541786743515,0.07692307692307694,0.2666666666666666,0.25000000000000006,0.1629802095459837,0.4012345679012345,0.1599999999999999,0.7777777777777779,0.2600289315376885,0.7399710684623115,0.0
12,BID,4,2019,1.0,0.8974358974358976,0.380952380952381,0.25000000000000006,0.44586728754365546,1.0,0.2933333333333332,0.611111111111111,0.5404383365866099,0.4595616634133901,1.0
13,BID,3,2019,0.9654178674351584,1.0,0.39047619047619053,0.0,0.25029103608847497,0.4279835390946502,0.9333333333333333,0.05555555555555562,0.7827484990332657,0.2172515009667343,1.0
14,BID,2,2019,0.7348703170028817,0.7692307692307694,0.40952380952380957,0.0,0.20838183934807916,0.3930041152263375,0.9733333333333334,0.0,0.769940154269144,0.23005984573085597,1.0
15,BID,1,2019,0.8328530259365993,0.9487179487179489,0.4857142857142856,0.25000000000000006,0.0,0.0,0.8933333333333332,0.05555555555555562,0.7717166515019764,0.22828334849802365,1.0
16,BID,4,2018,0.270893371757925,0.3076923076923077,0.5428571428571427,0.25000000000000006,0.10477299185098951,0.39917695473251025,0.9333333333333333,0.05555555555555562,0.5644319231816495,0.4355680768183504,1.0
17,BID,3,2018,0.22190201729106623,0.33333333333333337,0.7904761904761903,0.5000000000000001,0.2759022118742724,0.3827160493827161,0.8800000000000002,0.05555555555555562,0.4974402878172555,0.5025597121827445,0.0
18,BID,2,2018,0.10951008645533142,0.1794871794871795,0.7238095238095239,0.5000000000000001,0.4086146682188591,0.45884773662551437,0.9066666666666667,0.05555555555555562,0.4799649126264571,0.520035087373543,0.0
19,BID,1,2018,0.4322766570605187,0.5384615384615384,0.5619047619047618,0.25000000000000006,0.26542491268917345,0.4382716049382716,0.9599999999999999,0.0,0.6372451478177875,0.36275485218221254,1.0
20,BID,4,2017,0.16138328530259363,0.20512820512820518,0.5904761904761904,0.25000000000000006,0.470314318975553,0.47119341563786005,1.0,0.0,0.5833979621986364,0.4166020378013635,1.0
21,BID,3,2017,0.12968299711815562,0.10256410256410262,0.34285714285714286,0.25000000000000006,0.15366705471478465,0.294238683127572,0.9599999999999999,0.0,0.6027353958207314,0.3972646041792684,1.0
22,BID,2,2017,0.10662824207492792,0.10256410256410262,0.44761904761904747,0.25000000000000006,0.2211874272409779,0.4691358024691358,0.7733333333333334,0.16666666666666646,0.4744380116020635,0.5255619883979366,0.0
23,BID,1,2017,0.05187319884726226,0.05128205128205128,0.4952380952380951,0.5000000000000001,0.27124563445867284,0.43415637860082307,0.7199999999999999,0.2222222222222221,0.39854110632798007,0.6014588936720199,0.0
24,BID,4,2016,0.0,0.0,0.5047619047619046,0.5000000000000001,0.189755529685681,0.28600823045267487,0.7733333333333334,0.16666666666666646,0.39788417738536935,0.6021158226146306,0.0
25,BID,3,2016,0.023054755043227685,0.025641025641025668,0.5619047619047618,0.5000000000000001,0.23166472642607683,0.43209876543209874,0.49333333333333323,0.38888888888888895,0.2912361074297097,0.7087638925702904,0.0
26,BID,2,2016,0.02881844380403458,0.05128205128205128,0.6857142857142857,0.7500000000000001,0.31199068684516884,0.3930041152263375,0.5199999999999998,0.38888888888888895,0.2914310085016313,0.7085689914983688,0.0
27,BID,1,2016,0.03170028818443803,0.025641025641025668,0.6095238095238095,0.7500000000000001,0.2037252619324796,0.5041152263374485,0.34666666666666685,0.5555555555555555,0.2007755968378493,0.7992244031621507,0.0
28,BID,4,2015,0.08645533141210374,0.15384615384615388,0.7238095238095239,0.7500000000000001,0.31199068684516884,0.42592592592592593,0.49333333333333323,0.38888888888888895,0.3136014259097013,0.6863985740902988,0.0
29,BID,3,2015,0.16138328530259363,0.23076923076923084,0.6761904761904762,1.0,0.3317811408614668,0.6213991769547325,0.3733333333333334,0.5000000000000002,0.28172204800468237,0.7182779519953176,0.0
30,BID,2,2015,0.1440922190201729,0.23076923076923084,0.638095238095238,0.7500000000000001,0.28870779976717115,0.3827160493827161,0.4800000000000002,0.4444444444444446,0.34046705495593677,0.6595329450440632,0.0
31,BID,1,2015,0.06051873198847261,0.10256410256410262,0.5714285714285714,1.0,0.3143189755529686,0.4567901234567901,0.26666666666666666,0.6666666666666666,0.21636477596186238,0.7836352240381377,0.0
32,CTG,4,2022,0.14583333333333337,0.3846153846153846,0.5081967213114755,0.4166666666666667,0.44543429844098004,0.4189406099518459,0.5454545454545454,0.27777777777777773,,,1.0
33,CTG,3,2022,0.06250000000000006,0.23076923076923078,0.4316939890710383,0.4166666666666667,0.4164810690423163,0.43659711075441415,0.5289256198347108,0.2962962962962963,,,1.0
34,CTG,2,2022,0.20833333333333334,0.3076923076923076,0.4098360655737705,0.33333333333333326,0.566815144766147,0.45906902086677365,0.5289256198347108,0.2962962962962963,,,1.0
35,CTG,1,2022,0.6354166666666666,0.6153846153846154,0.2950819672131148,0.25,0.2071269487750557,0.4654895666131621,0.5619834710743803,0.2592592592592592,,,1.0
36,CTG,4,2021,0.5208333333333334,0.6923076923076922,0.45355191256830607,0.4166666666666667,0.18596881959910916,0.35313001605136435,0.5206611570247934,0.2962962962962963,,,1.0
37,CTG,3,2021,0.20833333333333334,0.5384615384615384,0.6010928961748634,0.5833333333333334,0.35857461024498893,0.42536115569823435,0.4132231404958678,0.38888888888888895,,,1.0
38,CTG,2,2021,0.53125,1.0,0.6229508196721312,0.5833333333333334,0.2661469933184855,0.40930979133226325,0.47107438016528935,0.3333333333333333,,,1.0
39,CTG,1,2021,0.16666666666666663,0.6153846153846154,0.726775956284153,0.7500000000000001,0.6792873051224945,0.5056179775280899,0.37190082644628103,0.425925925925926,,,1.0
40,CTG,4,2020,0.2708333333333333,0.5384615384615384,0.5081967213114755,0.49999999999999994,0.6236080178173721,0.42536115569823435,0.46280991735537186,0.35185185185185186,,,1.0
41,CTG,3,2020,0.21874999999999997,0.23076923076923078,0.34972677595628426,0.33333333333333326,0.3318485523385301,0.4301765650080257,0.4132231404958678,0.38888888888888895,0.4840523724764757,0.5159476275235243,0.0
42,CTG,2,2020,0.031250000000000076,0.1538461538461538,0.3825136612021858,0.33333333333333326,0.5645879732739422,0.4301765650080257,0.4297520661157026,0.3703703703703704,0.43925768631205836,0.5607423136879417,0.0
43,CTG,1,2020,0.0,0.0,0.273224043715847,0.25,0.3363028953229399,0.4157303370786517,0.44628099173553726,0.35185185185185186,0.5182026892454962,0.4817973107545039,1.0
44,CTG,4,2019,0.15625,0.1538461538461538,0.30054644808743175,0.25,1.0,0.43820224719101125,0.487603305785124,0.3148148148148148,0.6140029819899804,0.3859970180100197,1.0
45,CTG,3,2019,0.6666666666666667,0.1538461538461538,0.038251366120218615,0.0,0.48329621380846327,0.43820224719101125,0.49586776859504134,0.3148148148148148,0.5581677417084164,0.4418322582915835,1.0
46,CTG,2,2019,0.7083333333333335,0.1538461538461538,0.0,0.0,0.3407572383073497,0.4398073836276084,0.5123966942148761,0.2962962962962963,0.43175334817030475,0.5682466518296954,0.0
47,CTG,1,2019,0.9062500000000001,0.3076923076923076,0.016393442622950834,0.0,0.3708240534521159,0.44783306581059384,0.5206611570247934,0.2962962962962963,0.5378840278384893,0.4621159721615107,1.0
48,CTG,4,2018,0.7083333333333335,0.23076923076923078,0.027322404371584723,0.0,0.0,0.3290529695024077,0.5950413223140497,0.2407407407407408,0.43220884006852556,0.5677911599314743,0.0
49,CTG,3,2018,0.6875,0.4615384615384614,0.2240437158469946,0.16666666666666666,0.3385300668151448,0.4301765650080257,0.553719008264463,0.27777777777777773,0.5149822611217705,0.4850177388782294,1.0
50,CTG,2,2018,0.5104166666666667,0.3846153846153846,0.25136612021857924,0.16666666666666666,0.3407572383073497,0.4301765650080257,0.553719008264463,0.27777777777777773,0.44297979763735656,0.5570202023626434,0.0
51,CTG,1,2018,1.0,0.846153846153846,0.273224043715847,0.16666666666666666,0.4086859688195991,0.44783306581059384,0.553719008264463,0.2592592592592592,0.43750390023010294,0.562496099769897,0.0
52,CTG,4,2017,0.5625000000000001,0.4615384615384614,0.22950819672131145,0.16666666666666666,0.3518930957683742,0.42215088282504015,0.5867768595041322,0.2407407407407408,0.37744169783633746,0.6225583021636625,0.0
53,CTG,3,2017,0.2708333333333333,0.23076923076923078,0.2459016393442623,0.25,0.37639198218262815,0.43659711075441415,0.5785123966942151,0.2592592592592592,0.5796668896449485,0.4203331103550515,1.0
54,CTG,2,2017,0.3437500000000001,0.3076923076923076,0.2459016393442623,0.25,0.4120267260579065,0.43659711075441415,0.5867768595041322,0.2407407407407408,0.6946024104848765,0.3053975895151236,1.0
55,CTG,1,2017,0.2812500000000001,0.23076923076923078,0.22950819672131145,0.25,0.36859688195991097,0.2696629213483146,0.5619834710743803,0.2592592592592592,0.69972565070655,0.30027434929345,1.0
56,CTG,4,2016,0.10416666666666667,0.0,0.20765027322404375,0.25,0.40423162583518935,0.4285714285714286,0.4132231404958678,0.38888888888888895,0.734635035836723,0.2653649641632771,1.0
57,CTG,3,2016,0.23958333333333343,0.0769230769230769,0.18579234972677597,0.25,0.4142538975501114,0.43338683788121996,0.3801652892561983,0.425925925925926,0.7198295307349736,0.28017046926502637,1.0
58,CTG,2,2016,0.29166666666666674,0.1538461538461538,0.16939890710382513,0.25,0.2984409799554566,0.4269662921348315,0.34710743801652905,0.4629629629629631,0.6501014558009482,0.3498985441990517,1.0
59,CTG,1,2016,0.21874999999999997,0.1538461538461538,0.19672131147540986,0.33333333333333326,0.4810690423162584,0.44622792937399675,0.2892561983471075,0.5185185185185184,0.6137921812393486,0.3862078187606513,1.0
60,CTG,4,2015,0.46875,0.23076923076923078,0.14754098360655735,0.25,0.31180400890868604,0.391653290529695,0.31404958677685957,0.4999999999999999,0.7100313746061213,0.2899686253938787,1.0
61,CTG,3,2015,0.4895833333333335,0.3076923076923076,0.16939890710382513,0.33333333333333326,0.3841870824053452,0.42375601926163725,0.22314049586776868,0.611111111111111,0.6495217146603792,0.35047828533962083,1.0
62,CTG,2,2015,0.5000000000000001,0.3076923076923076,0.16393442622950818,0.33333333333333326,0.3307349665924276,0.3290529695024077,0.2066115702479339,0.6296296296296297,0.5499853561456919,0.4500146438543081,1.0
63,CTG,1,2015,0.3125,0.1538461538461538,0.1530054644808743,0.4166666666666667,0.3708240534521159,0.42375601926163725,0.115702479338843,0.7777777777777776,0.5844712009316866,0.4155287990683134,1.0
64,GAS,4,2022,0.5120481927710843,0.5945945945945946,0.4802631578947369,0.5191256830601092,0.5633802816901409,0.8418367346938775,0.3333333333333335,0.6346153846153844,0.5885687268943145,0.41143127310568545,1.0
65,GAS,3,2022,0.6325301204819277,0.6756756756756757,0.44078947368421056,0.45355191256830607,0.49577464788732395,0.31632653061224486,0.6666666666666667,0.262820512820513,0.41954203929386635,0.5804579607061338,0.0
66,GAS,2,2022,0.6987951807228915,0.6486486486486487,0.40131578947368424,0.3825136612021858,0.823943661971831,1.0,0.6666666666666667,0.3012820512820515,0.4617254435572999,0.5382745564427001,0.0
67,GAS,1,2022,0.8975903614457831,0.6756756756756757,0.2335526315789474,0.23497267759562845,0.6563380281690141,0.8979591836734693,0.6666666666666667,0.10897435897435905,0.45453510091854327,0.5454648990814568,0.0
68,GAS,4,2021,0.9397590361445782,0.6216216216216215,0.17434210526315788,0.18579234972677594,0.47746478873239434,0.7499999999999999,0.6666666666666667,0.16025641025641038,0.43329857483153417,0.5667014251684659,0.0
69,GAS,3,2021,0.9879518072289155,0.6756756756756757,0.1776315789473684,0.19672131147540983,0.49859154929577465,0.8112244897959183,0.6666666666666667,0.3012820512820515,0.506918650569409,0.493081349430591,1.0
70,GAS,2,2021,1.0,0.6756756756756757,0.13157894736842107,0.13661202185792354,0.5211267605633803,0.17346938775510204,1.0,0.006410256410256415,0.47739853945505506,0.5226014605449449,0.0
71,GAS,1,2021,0.9939759036144578,0.5405405405405405,0.0888157894736842,0.1311475409836066,0.3746478873239437,0.7755102040816326,0.0,0.7179487179487177,0.48020136706803307,0.5197986329319669,0.0
72,GAS,4,2020,0.8975903614457831,0.5405405405405405,0.13157894736842107,0.20218579234972678,0.22535211267605634,0.729591836734694,0.0,0.9166666666666666,0.34979632432474894,0.6502036756752511,0.0
73,GAS,3,2020,0.5421686746987951,0.4324324324324324,0.25328947368421056,0.32240437158469937,0.30845070422535215,0.0,0.0,0.8525641025641024,,,1.0
74,GAS,2,2020,0.40963855421686746,0.29729729729729726,0.27960526315789475,0.34426229508196715,0.27323943661971833,0.7040816326530612,0.0,1.0,,,1.0
75,GAS,1,2020,0.1987951807228916,0.18918918918918917,0.381578947368421,0.48087431693989063,0.347887323943662,0.7959183673469388,0.0,0.9807692307692307,,,1.0
76,GAS,4,2019,0.5301204819277109,0.5945945945945946,0.4342105263157895,0.5628415300546448,0.404225352112676,0.8877551020408162,0.0,1.0,,,1.0
77,GAS,3,2019,0.6265060240963856,0.7837837837837835,0.5098684210526316,0.5956284153005464,0.39436619718309857,0.6581632653061225,0.0,0.6666666666666664,,,1.0
78,GAS,2,2019,0.5060240963855421,0.7027027027027025,0.5361842105263157,0.540983606557377,0.423943661971831,0.6071428571428571,0.3333333333333335,0.3846153846153849,,,1.0
79,GAS,1,2019,0.5120481927710843,0.7027027027027025,0.5361842105263157,0.5846994535519126,0.4788732394366197,0.37755102040816324,0.3333333333333335,0.5576923076923074,,,1.0
80,GAS,4,2018,0.4216867469879518,0.5405405405405405,0.5164473684210528,0.5846994535519126,0.37887323943661977,0.9336734693877551,0.0,0.6794871794871793,,,1.0
81,GAS,3,2018,0.6325301204819277,0.9189189189189187,0.6052631578947368,0.6448087431693987,0.5929577464788732,0.4693877551020408,0.3333333333333335,0.46794871794871756,,,1.0
82,GAS,2,2018,0.48192771084337344,0.5945945945945946,0.49342105263157904,0.4754098360655737,0.604225352112676,0.4591836734693877,0.6666666666666667,0.07051282051282057,,,1.0
83,GAS,1,2018,0.9759036144578314,1.0,0.3782894736842105,0.3770491803278688,0.49295774647887325,0.8673469387755101,0.3333333333333335,0.262820512820513,,,1.0
84,GAS,4,2017,0.6867469879518072,0.7027027027027025,0.3848684210526316,0.3989071038251366,0.523943661971831,0.770408163265306,0.3333333333333335,0.2948717948717951,,,1.0
85,GAS,3,2017,0.43975903614457834,0.4324324324324324,0.33881578947368424,0.34426229508196715,0.5943661971830986,0.5510204081632653,0.6666666666666667,0.19871794871794887,,,1.0
86,GAS,2,2017,0.38554216867469876,0.29729729729729726,0.2697368421052632,0.2513661202185793,0.45915492957746484,0.41836734693877553,0.6666666666666667,0.2179487179487181,,,1.0
87,GAS,1,2017,0.3373493975903614,0.24324324324324326,0.23026315789473686,0.2295081967213115,0.6028169014084507,0.7653061224489796,0.3333333333333335,0.28205128205128227,,,1.0
88,GAS,4,2016,0.49397590361445787,0.3243243243243243,0.1776315789473684,0.1912568306010929,1.0,0.37755102040816324,0.3333333333333335,0.41025641025640985,,,1.0
89,GAS,3,2016,0.9518072289156625,0.3783783783783784,0.0,0.0,0.1295774647887324,0.673469387755102,0.3333333333333335,0.46794871794871756,,,1.0
90,GAS,2,2016,0.5662650602409638,0.29729729729729726,0.12828947368421056,0.13661202185792354,0.2507042253521127,0.29081632653061223,0.3333333333333335,0.2564102564102566,,,1.0
91,GAS,1,2016,0.19277108433734944,0.054054054054054036,0.19736842105263158,0.22404371584699456,0.21971830985915494,0.6224489795918366,0.3333333333333335,0.474358974358974,,,1.0
92,GAS,4,2015,0.05421686746987953,0.0,0.33223684210526316,0.360655737704918,0.0,0.43367346938775503,0.0,0.6410256410256407,,,1.0
93,GAS,3,2015,0.0,0.08108108108108109,0.6447368421052632,0.7595628415300546,0.36056338028169016,0.8418367346938775,0.0,0.9102564102564102,0.4472578991702346,0.5527421008297654,0.0
94,GAS,2,2015,0.09036144578313252,0.24324324324324326,0.7335526315789473,0.901639344262295,0.36338028169014086,0.9693877551020408,0.0,0.8205128205128204,0.626410295844699,0.373589704155301,1.0
95,GAS,1,2015,0.09036144578313252,0.3243243243243243,0.805921052631579,0.9344262295081966,0.371830985915493,0.9132653061224489,0.0,0.4423076923076919,0.5764693601694704,0.4235306398305297,1.0
96,HPG,4,2022,1.0,0.18181818181818182,0.0,0.0180505415162455,0.0,0.34184675834970535,0.5384615384615385,0.3387681159420289,0.6624999731692444,0.3375000268307556,1.0
97,HPG,3,2022,0.26000000000000006,0.18181818181818182,0.2864864864864865,0.20216606498194947,0.11030741410488247,0.3457760314341847,0.6153846153846155,0.28260869565217395,0.6804773979283891,0.319522602071611,1.0
98,HPG,2,2022,0.0,0.18181818181818182,0.6891891891891893,0.4332129963898917,0.33182640144665465,0.4007858546168959,0.7692307692307694,0.18840579710144922,0.6554802504349834,0.3445197495650167,1.0
99,HPG,1,2022,0.12999999999999998,0.5,0.9243243243243242,0.6353790613718411,0.5081374321880652,0.5579567779960708,0.6153846153846155,0.2807971014492754,0.8770682525041319,0.12293174749586806,1.0
100,HPG,4,2021,0.16000000000000006,0.6363636363636362,1.0,0.6462093862815884,0.5551537070524413,0.5324165029469549,0.6923076923076924,0.23731884057971014,0.5270168944833019,0.4729831055166981,1.0
101,HPG,3,2021,0.3,0.8636363636363635,0.9864864864864865,0.6245487364620937,0.7124773960216999,0.656188605108055,0.7692307692307694,0.19021739130434778,0.45656104229530897,0.543438957704691,0.0
102,HPG,2,2021,0.47000000000000003,1.0,0.8297297297297299,0.5054151624548736,0.8236889692585896,0.6110019646365422,0.8461538461538461,0.15398550724637683,0.4732221418109315,0.5267778581890685,0.0
103,HPG,1,2021,0.41000000000000003,0.6363636363636362,0.6,0.371841155234657,0.7911392405063292,0.6129666011787819,0.7692307692307694,0.1775362318840579,0.2962933512170116,0.7037066487829884,0.0
104,HPG,4,2020,0.5700000000000001,0.6363636363636362,0.43513513513513513,0.2563176895306859,0.7052441229656421,0.5343811394891945,0.8461538461538461,0.13043478260869565,0.21803524626491616,0.7819647537350839,0.0
105,HPG,3,2020,0.37,0.3181818181818182,0.32972972972972975,0.20216606498194947,0.685352622061483,0.4715127701375245,0.7692307692307694,0.16123188405797104,0.34640413808941417,0.6535958619105859,0.0
106,HPG,2,2020,0.38999999999999996,0.2272727272727272,0.24054054054054053,0.14801444043321302,0.5560578661844485,0.481335952848723,0.7692307692307694,0.15942028985507248,0.42613066017716317,0.5738693398228369,0.0
107,HPG,1,2020,0.12999999999999998,0.0,0.2243243243243243,0.1407942238267148,0.31193490054249556,0.0,0.7692307692307694,0.16123188405797104,0.4872460899950963,0.5127539100049037,0.0
108,HPG,4,2019,0.41000000000000003,0.18181818181818182,0.21351351351351355,0.1407942238267148,0.4945750452079567,0.4557956777996071,0.7692307692307694,0.16485507246376815,0.49642800385129177,0.5035719961487083,0.0
109,HPG,3,2019,0.37,0.18181818181818182,0.2243243243243243,0.15884476534296027,0.40235081374321885,0.45972495088408644,0.7692307692307694,0.1702898550724637,0.3306943537341586,0.6693056462658414,0.0
110,HPG,2,2019,0.36000000000000004,0.2272727272727272,0.2918918918918919,0.21299638989169672,0.4575045207956601,0.4754420432220039,0.7692307692307694,0.17572463768115937,0.5311170957916334,0.46888290420836665,1.0
111,HPG,1,2019,0.38999999999999996,0.3181818181818182,0.3324324324324324,0.26353790613718414,0.43218806509945756,0.4577603143418468,0.6923076923076924,0.21376811594202896,0.6103613895155635,0.3896386104844365,1.0
112,HPG,4,2018,0.32,0.3181818181818182,0.3918918918918919,0.3140794223826715,0.4132007233273057,0.46168958742632615,0.6153846153846155,0.2536231884057971,0.5977759276664762,0.4022240723335237,1.0
113,HPG,3,2018,0.52,0.6363636363636362,0.4756756756756757,0.4007220216606498,0.5018083182640146,0.5108055009823183,0.5384615384615385,0.3224637681159421,0.5485464297829552,0.45145357021704485,1.0
114,HPG,2,2018,0.4600000000000001,0.5909090909090909,0.5675675675675675,0.47653429602888087,0.5470162748643762,0.5068762278978389,0.46153846153846156,0.3822463768115941,0.5982052555488662,0.4017947444511339,1.0
115,HPG,1,2018,0.6500000000000001,0.7727272727272727,0.5594594594594594,0.49458483754512633,0.5072332730560579,0.5049115913555993,0.3846153846153847,0.4583333333333333,0.6097815998506128,0.3902184001493872,1.0
116,HPG,4,2017,0.43,0.5454545454545455,0.5864864864864865,0.5126353790613718,0.5289330922242315,0.5284872298624754,0.3846153846153847,0.4202898550724637,0.5015897031389791,0.49841029686102084,1.0
117,HPG,3,2017,0.32999999999999996,0.4545454545454545,0.6054054054054054,0.552346570397112,0.5443037974683544,1.0,0.3846153846153847,0.44202898550724634,0.6503686000270169,0.34963139997298315,1.0
118,HPG,2,2017,0.24000000000000005,0.5454545454545455,0.6972972972972973,0.595667870036101,0.4168173598553346,0.5225933202357564,0.46153846153846156,0.3605072463768115,0.6110368166936719,0.388963183306328,1.0
119,HPG,1,2017,0.12999999999999998,0.5,0.8594594594594593,0.7111913357400722,0.600361663652803,0.5363457760314342,0.46153846153846156,0.3605072463768115,0.6406080376110006,0.3593919623889994,1.0
120,HPG,4,2016,0.17,0.5,0.7972972972972974,0.6534296028880866,0.7151898734177217,0.575638506876228,0.46153846153846156,0.3931159420289854,0.345057530207488,0.6549424697925119,0.0
121,HPG,3,2016,0.38,0.6363636363636362,0.6351351351351352,0.552346570397112,0.5867992766726945,0.4381139489194499,0.3846153846153847,0.4601449275362319,0.029759914806044205,0.9702400851939558,0.0
122,HPG,2,2016,0.22999999999999998,0.40909090909090906,0.5756756756756757,0.5018050541516246,0.6600361663652804,0.6385068762278978,0.3846153846153847,0.4583333333333333,0.12274593779129726,0.8772540622087027,0.0
123,HPG,1,2016,0.16000000000000006,0.2727272727272727,0.5054054054054055,0.4296028880866426,0.5723327305605788,0.5147347740667977,0.3846153846153847,0.41485507246376807,0.1690858473591145,0.8309141526408855,0.0
124,HPG,4,2015,0.22000000000000003,0.3181818181818182,0.4702702702702703,0.3682310469314079,0.5000000000000001,0.4381139489194499,0.5384615384615385,0.34239130434782594,0.20258326113465527,0.7974167388653447,0.0
125,HPG,3,2015,0.27,0.3636363636363636,0.472972972972973,0.3790613718411552,0.5244122965641954,0.5422396856581533,0.46153846153846156,0.35144927536231874,,,1.0
126,HPG,2,2015,0.27,0.3636363636363636,0.48648648648648657,0.3790613718411552,0.5669077757685353,0.49901768172888017,0.46153846153846156,0.3405797101449274,,,1.0
127,HPG,1,2015,0.32999999999999996,0.40909090909090906,0.4513513513513514,0.3249097472924188,0.4122965641952984,0.4557956777996071,0.5384615384615385,0.3297101449275363,,,1.0
128,TCB,4,2022,0.0,0.0,0.7530864197530864,0.8780487804878051,0.2924774015627394,0.2757936507936508,0.07936507936507936,0.849462365591398,,,1.0
129,TCB,3,2022,0.07500000000000007,0.13333333333333333,0.8117283950617284,0.9512195121951222,0.30718553700015316,0.31547619047619047,0.0634920634920634,0.870967741935484,,,1.0
130,TCB,2,2022,0.17500000000000004,0.26666666666666666,0.8148148148148149,0.975609756097561,0.3087176344415505,0.33134920634920634,0.047619047619047596,0.9032258064516131,,,1.0
131,TCB,1,2022,0.5375,0.6666666666666667,0.8148148148148149,0.975609756097561,0.30933047341810943,0.3293650793650793,0.07936507936507936,0.827956989247312,,,1.0
132,TCB,4,2021,0.6124999999999999,0.7333333333333334,0.8148148148148149,0.975609756097561,0.3056534395587559,0.31746031746031744,0.0634920634920634,0.870967741935484,0.7111693831394739,0.2888306168605261,1.0
133,TCB,3,2021,0.65,0.8,0.8271604938271605,1.0,0.31178182932434506,0.31746031746031744,0.0634920634920634,0.860215053763441,0.5110465930292225,0.4889534069707775,1.0
134,TCB,2,2021,0.8375,0.9333333333333336,0.808641975308642,0.975609756097561,0.3203615749961698,0.3333333333333333,0.047619047619047596,0.8924731182795701,0.4284149447482791,0.571585055251721,0.0
135,TCB,1,2021,0.65,0.6666666666666667,0.7623456790123456,0.9024390243902441,0.32403860885552316,0.33134920634920634,0.03174603174603177,0.9462365591397852,0.42233400397806536,0.5776659960219347,0.0
136,TCB,4,2020,0.525,0.46666666666666673,0.7037037037037036,0.829268292682927,0.31239466830090395,0.3253968253968254,0.03174603174603177,0.9354838709677422,0.4582803918533571,0.5417196081466429,0.0
137,TCB,3,2020,0.275,0.20000000000000007,0.691358024691358,0.829268292682927,0.3076451662325724,0.3055555555555555,0.0,1.0,0.5184118360830943,0.4815881639169058,1.0
138,TCB,2,2020,0.1875,0.13333333333333333,0.6882716049382716,0.804878048780488,0.3059598590470354,0.2996031746031746,0.03174603174603177,0.9354838709677422,0.5992094824624817,0.40079051753751826,1.0
139,TCB,1,2020,0.025000000000000022,0.0,0.691358024691358,0.804878048780488,0.3053470200704765,0.28968253968253965,0.0634920634920634,0.8817204301075271,0.5966324849843895,0.4033675150156105,1.0
140,TCB,4,2019,0.42499999999999993,0.33333333333333337,0.6944444444444443,0.804878048780488,0.3127010877891834,0.31746031746031744,0.07936507936507936,0.849462365591398,0.670330884646245,0.3296691153537549,1.0
141,TCB,3,2019,0.5000000000000001,0.39999999999999997,0.6759259259259258,0.7560975609756099,0.30856442469741074,0.30357142857142855,0.07936507936507936,0.827956989247312,0.6478688829851043,0.35213111701489574,1.0
142,TCB,2,2019,0.4125,0.33333333333333337,0.6697530864197532,0.7560975609756099,0.3055002298146162,0.30357142857142855,0.11111111111111115,0.7849462365591399,0.6536489389215828,0.34635106107841723,1.0
143,TCB,1,2019,0.725,0.6,0.7191358024691358,0.7804878048780489,0.3005975180021449,0.29166666666666663,0.0634920634920634,0.8817204301075271,0.6970673068246596,0.3029326931753405,1.0
144,TCB,4,2018,0.7374999999999999,0.6666666666666667,0.808641975308642,0.804878048780488,0.2947755477248353,0.3055555555555555,0.07936507936507936,0.838709677419355,0.6555625942142131,0.3444374057857869,1.0
145,TCB,3,2018,0.8624999999999999,0.8666666666666668,0.9290123456790123,0.8780487804878051,0.3064194882794546,0.2976190476190476,0.09523809523809519,0.817204301075269,0.6297632298696783,0.3702367701303217,1.0
146,TCB,2,2018,1.0,1.0,0.8950617283950616,0.8780487804878051,0.32005515550789027,0.7301587301587301,0.09523809523809519,0.8064516129032259,0.6107641587141573,0.38923584128584265,1.0
147,VCB,4,2022,0.16417910447761191,0.41379310344827586,0.8160919540229884,0.8333333333333333,0.5098743267504489,0.3428571428571428,0.4285714285714285,0.375,0.5911526868058078,0.40884731319419215,1.0
148,VCB,3,2022,0.04477611940298505,0.24137931034482762,0.7126436781609194,0.6666666666666667,0.3788150807899461,0.2838095238095238,0.4,0.40625,0.5397472462650194,0.46025275373498054,1.0
149,VCB,2,2022,0.126865671641791,0.31034482758620685,0.6954022988505746,0.6666666666666667,0.42728904847396765,0.29523809523809524,0.419047619047619,0.390625,0.5623309102436491,0.4376690897563508,1.0
150,VCB,1,2022,0.32835820895522383,0.4482758620689654,0.6494252873563218,0.6666666666666667,0.3590664272890485,0.3009523809523809,0.3714285714285714,0.43750000000000006,0.5158088172253018,0.48419118277469825,1.0
151,VCB,4,2021,0.3358208955223881,0.4827586206896551,0.6379310344827585,0.5833333333333334,0.33931777378815076,0.22857142857142856,0.39047619047619037,0.42187500000000006,0.5343139384846284,0.4656860615153715,1.0
152,VCB,3,2021,0.32835820895522383,0.4482758620689654,0.6321839080459769,0.5833333333333334,0.32495511669658883,0.2838095238095238,0.3809523809523809,0.42187500000000006,0.4798196742911844,0.5201803257088156,0.0
153,VCB,2,2021,0.619402985074627,0.7241379310344825,0.6494252873563218,0.5833333333333334,0.2172351885098743,0.27428571428571424,0.3619047619047619,0.43750000000000006,0.3972564505596333,0.6027435494403666,0.0
154,VCB,1,2021,0.29104477611940294,0.4827586206896551,0.7471264367816092,0.6666666666666667,0.5385996409335726,0.2419047619047619,0.39047619047619037,0.42187500000000006,0.43329793023899127,0.5667020697610088,0.0
155,VCB,4,2020,0.5149253731343283,0.5517241379310345,0.5862068965517241,0.4166666666666667,0.4057450628366247,0.30666666666666664,0.45714285714285713,0.34375,0.4067650433712654,0.5932349566287346,0.0
156,VCB,3,2020,0.3955223880597016,0.4482758620689654,0.5689655172413793,0.49999999999999994,0.16876122082585276,0.2857142857142857,0.39047619047619037,0.42187500000000006,0.4328733165324495,0.5671266834675506,0.0
157,VCB,2,2020,0.2611940298507463,0.4482758620689654,0.7011494252873562,0.5833333333333334,0.2980251346499102,0.3009523809523809,0.438095238095238,0.375,0.48797571740420165,0.5120242825957982,0.0
158,VCB,1,2020,0.0,0.20689655172413793,0.7471264367816092,0.5833333333333334,0.2208258527827648,0.18476190476190477,0.4666666666666666,0.34375,0.43642166697084234,0.5635783330291576,0.0
159,VCB,4,2019,0.7761194029850746,1.0,0.8620689655172412,0.5833333333333334,0.1921005385996409,0.3028571428571428,0.5428571428571428,0.2812500000000001,0.42703091057897713,0.5729690894210229,0.0
160,VCB,3,2019,0.5373134328358209,0.9310344827586207,1.0,0.7499999999999998,0.4919210053859964,0.32380952380952377,0.5333333333333332,0.2812500000000001,0.4933717373942962,0.5066282626057038,0.0
161,VCB,2,2019,0.4850746268656717,0.7931034482758619,0.9080459770114941,0.5833333333333334,0.43626570915619384,0.2895238095238095,0.5809523809523808,0.2500000000000001,0.4812593538084801,0.5187406461915199,0.0
162,VCB,1,2019,0.5447761194029852,0.7931034482758619,0.850574712643678,0.49999999999999994,0.0,0.0,0.5809523809523808,0.2500000000000001,0.49360562290974047,0.5063943770902596,0.0
163,VCB,4,2018,0.059701492537313494,0.3793103448275862,0.8678160919540229,0.4166666666666667,0.6517055655296229,0.27238095238095233,0.780952380952381,0.125,0.5196951443545774,0.48030485564542247,1.0
164,VCB,3,2018,0.47014925373134336,0.5862068965517241,0.6379310344827585,0.33333333333333326,0.3985637342908438,0.29523809523809524,0.7238095238095237,0.15625000000000003,,,1.0
165,VCB,2,2018,0.4477611940298508,0.5517241379310345,0.614942528735632,0.25000000000000006,0.4308797127468581,0.2857142857142857,0.7714285714285712,0.125,,,1.0
166,VCB,1,2018,0.8880597014925373,0.8620689655172413,0.5632183908045977,0.25000000000000006,0.5296229802513465,0.2704761904761904,0.8857142857142855,0.06250000000000006,,,1.0
167,VCB,4,2017,0.6716417910447762,0.5517241379310345,0.4482758620689654,0.0833333333333334,0.4829443447037702,0.19428571428571426,1.0,0.0,,,1.0
168,VCB,3,2017,0.3059701492537315,0.17241379310344826,0.3563218390804597,0.0833333333333334,0.39317773788150806,0.27809523809523806,0.7619047619047618,0.125,,,1.0
169,VCB,2,2017,0.3955223880597016,0.20689655172413793,0.31034482758620685,0.0833333333333334,0.38061041292639136,0.2685714285714285,0.7333333333333333,0.140625,,,1.0
170,VCB,1,2017,0.4179104477611942,0.20689655172413793,0.2873563218390804,0.0833333333333334,0.3698384201077199,0.24,0.6857142857142857,0.17187500000000003,,,1.0
171,VCB,4,2016,0.43283582089552247,0.17241379310344826,0.2643678160919539,0.0,0.29443447037701975,0.2704761904761904,0.7047619047619047,0.17187500000000003,,,1.0
172,VCB,3,2016,0.5597014925373135,0.2758620689655171,0.2873563218390804,0.0833333333333334,0.4057450628366247,0.15999999999999998,0.657142857142857,0.18750000000000006,,,1.0
173,VCB,2,2016,0.5074626865671643,0.17241379310344826,0.20689655172413793,0.0833333333333334,0.3518850987432675,0.2571428571428572,0.5142857142857142,0.31249999999999994,,,1.0
174,VCB,1,2016,0.3656716417910447,0.06896551724137936,0.1954022988505747,0.0833333333333334,0.5116696588868941,0.24952380952380954,0.5142857142857142,0.29687499999999994,,,1.0
175,VCB,4,2015,0.6417910447761196,0.13793103448275856,0.11494252873563211,0.0,0.40754039497306993,0.2857142857142857,0.5809523809523808,0.2500000000000001,,,1.0
176,VCB,3,2015,0.7238805970149254,0.17241379310344826,0.08620689655172413,0.0,0.3231597845601436,0.12952380952380954,0.5142857142857142,0.29687499999999994,,,1.0
177,VCB,2,2015,1.0,0.24137931034482762,0.05172413793103445,0.0,0.37701974865350085,0.25142857142857145,0.3809523809523809,0.42187500000000006,,,1.0
178,VCB,1,2015,0.5074626865671643,0.0,0.02873563218390799,0.0,0.2585278276481149,0.21333333333333332,0.33333333333333326,0.46875000000000006,,,1.0
179,VHM,4,2022,0.0,0.0,0.0,0.0,0.31001890359168244,0.5098814229249012,0.5384615384615384,0.42909090909090913,,,1.0
180,VHM,3,2022,0.04069767441860466,0.07547169811320757,0.16475095785440616,0.20512820512820518,0.7126654064272211,0.7272727272727273,0.5384615384615384,0.4181818181818182,,,1.0
181,VHM,2,2022,0.19186046511627908,0.1886792452830189,0.19540229885057478,0.12820512820512817,0.0,0.0,0.6153846153846154,0.3527272727272727,,,1.0
182,VHM,1,2022,0.12209302325581399,0.24528301886792456,0.5249042145593869,0.9743589743589743,0.44801512287334594,0.2766798418972332,0.0,0.9818181818181818,,,1.0
183,VHM,4,2021,0.15116279069767447,0.28301886792452835,0.5900383141762452,1.0,0.5103969754253308,0.7430830039525692,0.0,1.0,,,1.0
184,VHM,3,2021,0.13372093023255813,0.32075471698113206,0.7624521072796934,1.0,0.776937618147448,1.0,0.07692307692307698,0.8618181818181817,,,1.0
185,VHM,2,2021,0.2906976744186047,0.5283018867924528,0.7586206896551723,0.7307692307692308,1.0,0.45454545454545453,0.30769230769230776,0.6254545454545454,,,1.0
186,VHM,1,2021,0.3197674418604652,0.4150943396226416,0.5095785440613028,0.41025641025641035,0.391304347826087,0.4743083003952569,0.3846153846153846,0.5709090909090908,,,1.0
187,VHM,4,2020,0.23255813953488377,0.3962264150943396,0.7011494252873564,0.48717948717948734,0.9565217391304347,0.841897233201581,0.5384615384615384,0.4327272727272728,,,1.0
188,VHM,3,2020,0.2674418604651163,0.37735849056603776,0.5249042145593869,0.2564102564102565,0.5406427221172023,0.6324110671936759,0.8461538461538461,0.21090909090909105,,,1.0
189,VHM,2,2020,0.27906976744186046,0.43396226415094336,0.5670498084291187,0.282051282051282,0.20415879017013233,0.5849802371541503,1.0,0.08000000000000004,,,1.0
190,VHM,1,2020,0.03488372093023259,0.3018867924528302,1.0,0.7435897435897437,0.8714555765595463,0.7707509881422925,0.8461538461538461,0.10181818181818188,,,1.0
191,VHM,4,2019,0.3953488372093023,0.7169811320754716,0.846743295019157,0.48717948717948734,0.879017013232514,0.38735177865612647,1.0,0.0,0.11886659274164685,0.8811334072583531,0.0
192,VHM,3,2019,0.6046511627906976,0.8113207547169812,0.6206896551724138,0.26923076923076916,0.6805293005671077,0.2924901185770751,0.6153846153846154,0.18181818181818193,0.1641000109667673,0.8358999890332327,0.0
193,VHM,2,2019,0.5697674418604651,0.6981132075471699,0.5478927203065134,0.358974358974359,0.9905482041587902,0.8853754940711462,0.5384615384615384,0.36363636363636365,0.20873731012752575,0.7912626898724742,0.0
194,VHM,1,2019,1.0,1.0,0.42145593869731807,0.217948717948718,0.30623818525519847,0.4861660079051383,0.6153846153846154,0.26909090909090905,0.35080366288356357,0.6491963371164365,0.0
195,VIC,4,2022,0.7307149576669802,0.0,0.1837748344370861,0.19999999999999998,1.0,0.14339981006647673,0.45714285714285724,0.5782312925170069,0.3653686436238137,0.6346313563761863,0.0
196,VIC,3,2022,1.0,0.012345679012345663,0.06456953642384106,0.075,0.0,0.15441595441595443,0.4,0.6054421768707484,0.37789491011946175,0.6221050898805384,0.0
197,VIC,2,2022,0.0,0.11111111111111113,0.04304635761589404,0.049999999999999996,0.16558304483661232,0.15137701804368472,0.4,0.6088435374149661,0.41539465308559403,0.5846053469144058,0.0
198,VIC,1,2022,0.551387582314205,0.14814814814814814,0.00827814569536424,0.008333333333333333,0.2225787384953137,0.15042735042735045,0.19999999999999996,0.7176870748299321,0.3624086450983038,0.6375913549016962,0.0
199,VIC,4,2021,0.548447789275635,0.22222222222222224,0.0,0.0,0.094655070505784,0.14567901234567904,0.028571428571428536,0.7210884353741498,0.3234666649261009,0.6765333350738991,0.0
200,VIC,3,2021,0.794214487300094,0.19753086419753085,0.1291390728476821,0.14166666666666666,0.20771763911171157,0.16695156695156696,0.0,0.707482993197279,0.2168696802976237,0.7831303197023763,0.0
201,VIC,2,2021,0.7790451552210724,0.33333333333333337,0.17218543046357615,0.18333333333333332,0.2261251372118551,0.16391263057929725,0.08571428571428567,0.653061224489796,0.19444428536688185,0.8055557146331181,0.0
202,VIC,1,2021,0.7716368767638757,0.38271604938271614,0.19205298013245034,0.19166666666666665,0.26082918179515324,0.15080721747388415,0.11428571428571427,0.58843537414966,0.12864344190858332,0.8713565580914168,0.0
203,VIC,4,2020,0.786453433678269,0.345679012345679,0.16059602649006624,0.15833333333333333,0.19927383264375578,0.13808167141500474,0.14285714285714288,0.5612244897959184,0.30141645290986485,0.6985835470901351,0.0
204,VIC,3,2020,0.744590780809031,0.24691358024691357,0.2317880794701987,0.24166666666666664,0.24512370176475556,0.14738841405508074,0.2571428571428572,0.5782312925170069,0.33439847356540436,0.6656015264345956,0.0
205,VIC,2,2020,0.7491768579492003,0.23456790123456792,0.20695364238410596,0.22499999999999998,0.2419150553069324,0.15346628679962016,0.2571428571428572,0.5748299319727892,0.3161555070755729,0.6838444929244272,0.0
206,VIC,1,2020,0.7504703668861712,0.22222222222222224,0.22350993377483447,0.21666666666666665,0.22663176559993248,0.14833808167141502,0.22857142857142854,0.5680272108843538,0.3872193372225145,0.6127806627774857,0.0
207,VIC,4,2019,0.7632878645343367,0.4074074074074074,0.24337748344370866,0.24166666666666664,0.2682597314869543,0.14415954415954416,0.22857142857142854,0.5646258503401361,0.3920350552448205,0.6079649447551795,0.0
208,VIC,3,2019,0.7919802445907809,0.4320987654320988,0.1870860927152318,0.19999999999999998,0.23178248754538547,0.13694207027540362,0.057142857142857134,0.6598639455782314,0.42171919383005624,0.5782808061699437,0.0
209,VIC,2,2019,0.787041392285983,0.38271604938271614,0.1986754966887417,0.21666666666666665,0.2571983450139323,0.2334283000949668,0.028571428571428536,0.7380952380952381,0.42188424472365504,0.5781157552763448,0.0
210,VIC,1,2019,0.8109125117591721,0.654320987654321,0.21026490066225167,0.19166666666666665,0.23600439077936333,0.15118708452041787,0.14285714285714288,0.5238095238095238,,,1.0
211,VIC,4,2018,0.794214487300094,0.5185185185185186,0.21357615894039736,0.19166666666666665,0.23971966562526387,0.14966761633428302,0.08571428571428567,0.554421768707483,,,1.0
212,VIC,3,2018,0.8039746001881467,0.5679012345679013,0.21026490066225167,0.19166666666666665,0.23870640884910918,0.19202279202279204,0.028571428571428536,0.58843537414966,,,1.0
213,VIC,2,2018,0.8203198494825963,0.8518518518518519,0.2251655629139073,0.19166666666666665,0.22063666300768386,0.19468186134852802,0.08571428571428567,0.5000000000000001,,,1.0
214,VIC,1,2018,0.7923330197554092,1.0,0.2897350993377483,0.2333333333333333,0.23423119142109264,0.1574548907882241,0.3428571428571428,0.4319727891156463,,,1.0
215,VIC,4,2017,0.7622295390404515,0.6296296296296298,0.2947019867549669,0.24166666666666664,0.3336992316136114,0.16980056980056982,0.4285714285714286,0.42176870748299317,,,1.0
216,VIC,3,2017,0.7890404515522107,0.4197530864197532,0.1705298013245033,0.14166666666666666,0.2441948830532804,0.15042735042735045,0.4285714285714286,0.38775510204081637,,,1.0
217,VIC,2,2017,0.7837488240827846,0.32098765432098775,0.15894039735099338,0.14166666666666666,0.23684877142615893,0.1502374169040836,0.5428571428571429,0.40136054421768713,,,1.0
218,VIC,1,2017,0.7851599247412981,0.33333333333333337,0.15728476821192053,0.14166666666666666,0.23938191336654563,0.14415954415954416,0.4857142857142857,0.4047619047619048,,,1.0
219,VIC,4,2016,0.791274694261524,0.32098765432098775,0.1556291390728477,0.14166666666666666,0.21793464493793802,0.1475783475783476,0.4,0.4285714285714286,,,1.0
220,VIC,3,2016,0.7791627469426151,0.3703703703703704,0.18211920529801326,0.16666666666666666,0.23017816431647387,0.14301994301994303,0.4285714285714286,0.4387755102040817,,,1.0
221,VIC,2,2016,0.7691674506114768,0.308641975308642,0.1870860927152318,0.18333333333333332,0.26015367727771677,0.1489078822412156,0.28571428571428575,0.4965986394557824,,,1.0
222,VIC,1,2016,0.7778692380056444,0.23456790123456792,0.15894039735099338,0.15833333333333333,0.25905598243688255,0.17018043684710352,0.28571428571428575,0.5204081632653061,,,1.0
223,VIC,4,2015,0.7976246472248354,0.2839506172839506,0.14072847682119205,0.14166666666666666,0.22291649075403192,0.15137701804368472,0.37142857142857144,0.4625850340136055,,,1.0
224,VIC,3,2015,0.7783396048918156,0.25925925925925924,0.15894039735099338,0.16666666666666666,0.20628219201215908,0.14871794871794874,0.4,0.5272108843537415,,,1.0
225,VIC,2,2015,0.7559971777986829,0.2839506172839506,0.21688741721854307,0.22499999999999998,0.21455712235075572,0.2573599240265907,0.28571428571428575,0.598639455782313,,,1.0
226,VIC,1,2015,0.7380056444026339,0.4691358024691358,0.28145695364238416,0.3,0.2163303217090264,0.14738841405508074,0.4857142857142857,0.4149659863945578,,,1.0
227,VNM,4,2022,0.4687499999999999,0.20270270270270274,0.16442953020134232,0.0,0.11419753086419752,0.10458715596330274,0.75,0.1328125000000001,,,1.0
228,VNM,3,2022,0.30468750000000006,0.1216216216216216,0.20805369127516765,0.01709401709401711,0.024691358024691336,0.018348623853211024,0.75,0.10156250000000008,,,1.0
229,VNM,2,2022,0.17187499999999997,0.04054054054054058,0.22147651006711397,0.04273504273504265,0.0,0.2899082568807339,0.75,0.20312500000000017,0.3904569893704658,0.6095430106295342,0.0
230,VNM,1,2022,0.21874999999999994,0.14864864864864866,0.3355704697986577,0.12393162393162392,0.13888888888888887,0.13027522935779817,0.75,0.10156250000000008,0.33977500261733473,0.6602249973826653,0.0
231,VNM,4,2021,0.2421875,0.16216216216216212,0.3523489932885906,0.17094017094017083,0.23148148148148145,0.2972477064220183,0.75,0.14843750000000014,0.38527845413308626,0.6147215458669137,0.0
232,VNM,3,2021,0.3124999999999999,0.24324324324324326,0.42281879194630856,0.1623931623931623,0.18518518518518517,0.14862385321100915,0.75,0.05859375000000005,0.4231519565341746,0.5768480434658254,0.0
233,VNM,2,2021,0.28125,0.2297297297297297,0.4161073825503354,0.17521367521367512,0.16049382716049382,0.19633027522935778,0.75,0.05468750000000005,0.4527296274395283,0.5472703725604717,0.0
234,VNM,1,2021,0.3515624999999999,0.29729729729729726,0.4496644295302012,0.24786324786324784,0.1759259259259259,0.18165137614678897,0.75,0.1250000000000001,0.43556209245396343,0.5644379075460366,0.0
235,VNM,4,2020,0.45312499999999994,0.3648648648648648,0.523489932885906,0.30341880341880334,0.22530864197530862,0.30091743119266057,0.5000000000000001,0.2500000000000002,0.49717323567772204,0.502826764322278,0.0
236,VNM,3,2020,0.45312499999999994,0.4324324324324324,0.5738255033557047,0.3376068376068375,0.3395061728395061,0.13211009174311927,1.0,0.0,0.45044327664258305,0.5495567233574169,0.0
237,VNM,2,2020,0.28125,0.27027027027027034,0.4865771812080536,0.3076923076923076,0.27777777777777773,0.1871559633027523,0.75,0.10156250000000008,0.5385515614066808,0.46144843859331924,1.0
238,VNM,1,2020,0.03125000000000003,0.10810810810810814,0.4697986577181207,0.35470085470085466,0.2222222222222222,0.34678899082568804,0.5000000000000001,0.2695312500000002,0.44126301080144925,0.5587369891985507,0.0
239,VNM,4,2019,0.3906249999999999,0.40540540540540543,0.587248322147651,0.38888888888888884,0.2006172839506173,0.19633027522935778,0.75,0.1289062500000001,0.4244214570056323,0.5755785429943677,0.0
240,VNM,3,2019,0.5234375000000001,0.5135135135135135,0.6140939597315436,0.5170940170940169,0.26543209876543206,0.11009174311926606,0.5000000000000001,0.38281250000000033,0.32483541158075047,0.6751645884192494,0.0
241,VNM,2,2019,0.4375,0.40540540540540543,0.5570469798657718,0.4658119658119658,0.2993827160493827,0.17981651376146787,0.5000000000000001,0.48046875,0.5530292331134707,0.4469707668865292,1.0
242,VNM,1,2019,0.59375,0.48648648648648646,0.5335570469798657,0.48290598290598297,0.2561728395061728,0.36146788990825685,0.24999999999999997,0.6171875000000001,0.5142866977368208,0.48571330226317916,1.0
243,VNM,4,2018,0.4296874999999999,0.45945945945945943,0.6510067114093958,0.49999999999999983,0.404320987654321,0.20366972477064219,0.5000000000000001,0.42187499999999994,0.5305680476488592,0.46943195235114077,1.0
244,VNM,3,2018,0.7187500000000001,0.6081081081081081,0.5671140939597314,0.5470085470085468,0.18518518518518517,0.13761467889908258,0.24999999999999997,0.6484375000000001,0.5452146152204334,0.4547853847795667,1.0
245,VNM,2,2018,0.7265625,0.6081081081081081,0.5570469798657718,0.5170940170940169,0.15123456790123455,0.19633027522935778,0.5000000000000001,0.5390625,0.5267066671976525,0.4732933328023476,1.0
246,VNM,1,2018,0.9921875000000001,0.8243243243243242,0.5906040268456375,0.5811965811965811,0.15740740740740738,0.3706422018348624,0.24999999999999997,0.5820312500000001,0.6049535958135311,0.3950464041864688,1.0
247,VNM,4,2017,1.0,1.0,0.7718120805369126,0.6623931623931624,0.20370370370370372,0.13211009174311927,0.75,0.35937500000000033,0.6331631924269109,0.3668368075730892,1.0
248,VNM,3,2017,0.4062500000000001,0.527027027027027,0.8187919463087248,0.7820512820512818,0.2716049382716049,0.14128440366972475,0.24999999999999997,0.6953125000000002,0.7341640007391637,0.26583599926083634,1.0
249,VNM,2,2017,0.4843750000000001,0.554054054054054,0.7080536912751677,0.7008547008547008,0.2623456790123456,0.1596330275229358,0.24999999999999997,0.7226562500000002,0.7885048034990195,0.21149519650098048,1.0
250,VNM,1,2017,0.3515624999999999,0.4324324324324324,0.6879194630872482,0.7264957264957265,0.4845679012345679,0.39633027522935776,0.0,0.8437500000000003,0.6596621133539692,0.34033788664603076,1.0
251,VNM,4,2016,0.28125,0.4189189189189189,0.7181208053691274,0.6923076923076923,0.2067901234567901,0.3266055045871559,0.24999999999999997,0.6757812500000001,0.6813025127533433,0.3186974872466566,1.0
252,VNM,3,2016,0.41406249999999994,0.6081081081081081,0.8557046979865771,0.7863247863247862,0.37037037037037035,0.0018348623853211023,0.24999999999999997,0.6250000000000001,0.6822620021428598,0.31773799785714024,1.0
253,VNM,2,2016,0.21093749999999997,0.31081081081081086,0.6342281879194629,0.6367521367521367,0.45987654320987653,0.1853211009174312,0.24999999999999997,0.7031250000000002,0.694215251666942,0.30578474833305797,1.0
254,VNM,1,2016,0.22656250000000006,0.25675675675675674,0.5402684563758389,0.564102564102564,0.46604938271604934,0.35229357798165134,0.24999999999999997,0.7695312500000002,0.7255299379376908,0.2744700620623092,1.0
255,VNM,4,2015,0.25781249999999994,0.29729729729729726,0.546979865771812,0.5341880341880341,0.2962962962962963,0.34495412844036694,0.24999999999999997,0.6679687500000001,0.6426012794576956,0.35739872054230426,1.0
256,VNM,3,2015,0.0,0.1756756756756757,0.6308724832214764,0.5897435897435896,0.5709876543209876,0.0,0.5000000000000001,0.5820312500000001,0.6390056856636569,0.3609943143363431,1.0
257,VNM,2,2015,0.015624999999999946,0.054054054054054036,0.4161073825503354,0.4358974358974359,0.5308641975308641,0.17798165137614677,0.24999999999999997,0.7500000000000002,0.7310081296920136,0.26899187030798644,1.0
258,VNM,1,2015,0.02343749999999992,0.0,0.30536912751677847,0.3461538461538461,0.31481481481481477,0.3229357798165137,0.24999999999999997,0.7773437500000002,0.7718046113619221,0.22819538863807795,1.0
259,VPB,4,2022,0.027777777777777804,0.0,0.5590551181102361,0.8709677419354838,0.1947194719471947,0.4365411436541144,0.024193548387096763,0.9316239316239318,0.7338741527429657,0.2661258472570343,1.0
260,VPB,3,2022,0.041666666666666644,0.03225806451612899,0.6653543307086615,0.967741935483871,0.2627062706270627,0.4755927475592747,0.0,1.0,0.6073133233541274,0.39268667664587276,1.0
261,VPB,2,2022,0.11805555555555558,0.06451612903225805,0.6220472440944882,0.9032258064516129,0.1815181518151815,0.47001394700139465,0.032258064516129066,0.9145299145299147,,,1.0
262,VPB,1,2022,0.25,0.19354838709677413,0.6968503937007874,1.0,0.5062706270627062,0.5620641562064157,0.008064516129032301,0.9743589743589746,,,1.0
263,VPB,4,2021,0.5277777777777778,0.2580645161290322,0.452755905511811,0.6451612903225806,0.17557755775577558,0.9609483960948397,0.040322580645161296,0.8803418803418804,,,1.0
264,VPB,3,2021,0.9722222222222223,0.9032258064516128,0.6062992125984252,0.7419354838709676,0.19603960396039602,0.4755927475592747,0.15322580645161296,0.6410256410256412,,,1.0
265,VPB,2,2021,1.0,1.0,0.6496062992125985,0.8064516129032258,0.2627062706270627,0.5216178521617852,0.1370967741935484,0.6666666666666669,,,1.0
266,VPB,1,2021,0.6041666666666666,0.6129032258064515,0.6299212598425197,0.7419354838709676,0.25676567656765675,0.5062761506276151,0.16129032258064518,0.623931623931624,,,1.0
267,VPB,4,2020,0.3888888888888889,0.38709677419354827,0.6062992125984252,0.7096774193548386,0.2257425742574257,0.5076708507670851,0.1693548387096775,0.6068376068376069,,,1.0
268,VPB,3,2020,0.1944444444444445,0.2258064516129032,0.6181102362204725,0.7096774193548386,0.19867986798679865,0.48675034867503486,0.20161290322580647,0.5555555555555556,,,1.0
269,VPB,2,2020,0.11111111111111109,0.16129032258064516,0.6692913385826771,0.7419354838709676,0.26534653465346536,0.5132496513249651,0.20967741935483877,0.5470085470085471,,,1.0
270,VPB,1,2020,0.06250000000000003,0.09677419354838704,0.6377952755905512,0.7096774193548386,0.025082508250825065,0.0,0.24193548387096778,0.4957264957264958,,,1.0
271,VPB,4,2019,0.0,0.03225806451612899,0.5905511811023622,0.6451612903225806,0.20528052805280525,0.4811715481171548,0.25000000000000006,0.4871794871794872,,,1.0
272,VPB,3,2019,0.041666666666666644,0.06451612903225805,0.6377952755905512,0.6774193548387096,0.2805280528052805,0.504881450488145,0.24193548387096778,0.4957264957264958,,,1.0
273,VPB,2,2019,0.027777777777777804,0.03225806451612899,0.5551181102362204,0.6129032258064515,0.2633663366336634,0.499302649930265,0.26612903225806456,0.47008547008547014,,,1.0
274,VPB,1,2019,0.10416666666666667,0.09677419354838704,0.5196850393700787,0.5806451612903225,0.14059405940594058,0.47838214783821476,0.25000000000000006,0.4871794871794872,,,1.0
275,VPB,4,2018,0.048611111111111126,0.09677419354838704,0.6417322834645669,0.6451612903225806,0.2508250825082508,0.5411436541143655,0.2822580645161291,0.4444444444444445,,,1.0
276,VPB,3,2018,0.2569444444444444,0.3225806451612903,0.6456692913385826,0.6774193548387096,0.15577557755775576,0.37935843793584384,0.2822580645161291,0.452991452991453,,,1.0
277,VPB,2,2018,0.2569444444444444,0.3225806451612903,0.8425196850393701,0.7419354838709676,0.23300330033003297,0.4811715481171548,0.25000000000000006,0.4957264957264958,,,1.0
278,VPB,1,2018,0.5625,0.6451612903225806,0.8385826771653544,0.7419354838709676,0.25742574257425743,0.5118549511854952,0.2580645161290323,0.47863247863247865,,,1.0
279,VPB,4,2017,0.2569444444444444,0.3225806451612903,0.8228346456692914,0.7096774193548386,0.25544554455445545,0.5258019525801952,0.29032258064516137,0.4444444444444445,,,1.0
280,VPB,3,2017,0.25,0.3225806451612903,0.8228346456692914,0.7096774193548386,0.2646864686468647,1.0,0.27419354838709675,0.46153846153846156,,,1.0
