,Date,Close,roe,roa,earningPerShare,debtOnEquity,bookValuePerShare,grossProfitMargin,operatingProfitMargin,assetOnEquity,payableOnEquity
0,2019-01-02,53515.0,0.32,0.114,2913.0,0.5,10512.0,0.227,0.154,2.8,1.5
1,2019-01-03,53296.0,0.32,0.114,2913.0,0.5,10512.0,0.227,0.154,2.8,1.5
2,2019-01-04,53879.0,0.32,0.114,2913.0,0.5,10512.0,0.227,0.154,2.8,1.5
3,2019-01-07,54024.0,0.32,0.114,2913.0,0.5,10512.0,0.227,0.154,2.8,1.5
4,2019-01-08,54024.0,0.32,0.114,2913.0,0.5,10512.0,0.227,0.154,2.8,1.5
5,2019-01-09,54024.0,0.32,0.114,2913.0,0.5,10512.0,0.227,0.154,2.8,1.5
6,2019-01-10,54316.0,0.32,0.114,2913.0,0.5,10512.0,0.227,0.154,2.8,1.5
7,2019-01-11,55772.0,0.32,0.114,2913.0,0.5,10512.0,0.227,0.154,2.8,1.5
8,2019-01-14,56282.0,0.32,0.114,2913.0,0.5,10512.0,0.227,0.154,2.8,1.5
9,2019-01-15,58175.0,0.32,0.114,2913.0,0.5,10512.0,0.227,0.154,2.8,1.5
10,2019-01-16,58466.0,0.32,0.114,2913.0,0.5,10512.0,0.227,0.154,2.8,1.5
11,2019-01-17,58102.0,0.32,0.114,2913.0,0.5,10512.0,0.227,0.154,2.8,1.5
12,2019-01-18,58611.0,0.32,0.114,2913.0,0.5,10512.0,0.227,0.154,2.8,1.5
13,2019-01-21,58611.0,0.32,0.114,2913.0,0.5,10512.0,0.227,0.154,2.8,1.5
14,2019-01-22,57956.0,0.32,0.114,2913.0,0.5,10512.0,0.227,0.154,2.8,1.5
15,2019-01-23,57956.0,0.32,0.114,2913.0,0.5,10512.0,0.227,0.154,2.8,1.5
16,2019-01-24,57374.0,0.32,0.114,2913.0,0.5,10512.0,0.227,0.154,2.8,1.5
17,2019-01-25,56791.0,0.32,0.114,2913.0,0.5,10512.0,0.227,0.154,2.8,1.5
18,2019-01-28,58684.0,0.32,0.114,2913.0,0.5,10512.0,0.227,0.154,2.8,1.5
19,2019-01-29,59340.0,0.32,0.114,2913.0,0.5,10512.0,0.227,0.154,2.8,1.5
20,2019-01-30,59704.0,0.32,0.114,2913.0,0.5,10512.0,0.227,0.154,2.8,1.5
21,2019-01-31,58247.0,0.32,0.114,2913.0,0.5,10512.0,0.227,0.154,2.8,1.5
22,2019-02-01,58247.0,0.32,0.114,2913.0,0.5,10512.0,0.227,0.154,2.8,1.5
23,2019-02-11,58175.0,0.32,0.114,2913.0,0.5,10512.0,0.227,0.154,2.8,1.5
24,2019-02-12,58247.0,0.32,0.114,2913.0,0.5,10512.0,0.227,0.154,2.8,1.5
25,2019-02-13,58247.0,0.32,0.114,2913.0,0.5,10512.0,0.227,0.154,2.8,1.5
26,2019-02-14,59631.0,0.32,0.114,2913.0,0.5,10512.0,0.227,0.154,2.8,1.5
27,2019-02-15,59121.0,0.32,0.114,2913.0,0.5,10512.0,0.227,0.154,2.8,1.5
28,2019-02-18,59704.0,0.32,0.114,2913.0,0.5,10512.0,0.227,0.154,2.8,1.5
29,2019-02-19,63344.0,0.32,0.114,2913.0,0.5,10512.0,0.227,0.154,2.8,1.5
30,2019-02-20,65820.0,0.32,0.114,2913.0,0.5,10512.0,0.227,0.154,2.8,1.5
31,2019-02-21,70407.0,0.32,0.114,2913.0,0.5,10512.0,0.227,0.154,2.8,1.5
32,2019-02-22,67785.0,0.32,0.114,2913.0,0.5,10512.0,0.227,0.154,2.8,1.5
33,2019-02-25,66985.0,0.32,0.114,2913.0,0.5,10512.0,0.227,0.154,2.8,1.5
34,2019-02-26,66985.0,0.32,0.114,2913.0,0.5,10512.0,0.227,0.154,2.8,1.5
35,2019-02-27,67494.0,0.32,0.114,2913.0,0.5,10512.0,0.227,0.154,2.8,1.5
36,2019-02-28,63708.0,0.32,0.114,2913.0,0.5,10512.0,0.227,0.154,2.8,1.5
37,2019-03-01,66256.0,0.32,0.114,2913.0,0.5,10512.0,0.227,0.154,2.8,1.5
38,2019-03-04,67858.0,0.32,0.114,2913.0,0.5,10512.0,0.227,0.154,2.8,1.5
39,2019-03-05,66256.0,0.32,0.114,2913.0,0.5,10512.0,0.227,0.154,2.8,1.5
40,2019-03-06,66839.0,0.32,0.114,2913.0,0.5,10512.0,0.227,0.154,2.8,1.5
41,2019-03-07,66985.0,0.32,0.114,2913.0,0.5,10512.0,0.227,0.154,2.8,1.5
42,2019-03-08,66620.0,0.32,0.114,2913.0,0.5,10512.0,0.227,0.154,2.8,1.5
43,2019-03-11,65528.0,0.32,0.114,2913.0,0.5,10512.0,0.227,0.154,2.8,1.5
44,2019-03-12,67203.0,0.32,0.114,2913.0,0.5,10512.0,0.227,0.154,2.8,1.5
45,2019-03-13,68441.0,0.32,0.114,2913.0,0.5,10512.0,0.227,0.154,2.8,1.5
46,2019-03-14,68805.0,0.32,0.114,2913.0,0.5,10512.0,0.227,0.154,2.8,1.5
47,2019-03-15,67931.0,0.32,0.114,2913.0,0.5,10512.0,0.227,0.154,2.8,1.5
48,2019-03-18,68659.0,0.32,0.114,2913.0,0.5,10512.0,0.227,0.154,2.8,1.5
49,2019-03-19,68441.0,0.32,0.114,2913.0,0.5,10512.0,0.227,0.154,2.8,1.5
50,2019-03-20,67130.0,0.32,0.114,2913.0,0.5,10512.0,0.227,0.154,2.8,1.5
51,2019-03-21,64218.0,0.32,0.114,2913.0,0.5,10512.0,0.227,0.154,2.8,1.5
52,2019-03-22,66329.0,0.32,0.114,2913.0,0.5,10512.0,0.227,0.154,2.8,1.5
53,2019-03-25,64800.0,0.32,0.114,2913.0,0.5,10512.0,0.227,0.154,2.8,1.5
54,2019-03-26,65456.0,0.32,0.114,2913.0,0.5,10512.0,0.227,0.154,2.8,1.5
55,2019-03-27,65601.0,0.32,0.114,2913.0,0.5,10512.0,0.227,0.154,2.8,1.5
56,2019-03-28,67785.0,0.32,0.114,2913.0,0.5,10512.0,0.227,0.154,2.8,1.5
57,2019-03-29,66620.0,0.32,0.114,2913.0,0.5,10512.0,0.227,0.154,2.8,1.5
58,2019-04-01,67276.0,0.353,0.125,3685.0,0.4,12204.0,0.443,0.398,2.6,1.4
59,2019-04-02,67130.0,0.353,0.125,3685.0,0.4,12204.0,0.443,0.398,2.6,1.4
60,2019-04-03,66985.0,0.353,0.125,3685.0,0.4,12204.0,0.443,0.398,2.6,1.4
61,2019-04-04,66985.0,0.353,0.125,3685.0,0.4,12204.0,0.443,0.398,2.6,1.4
62,2019-04-05,67421.0,0.353,0.125,3685.0,0.4,12204.0,0.443,0.398,2.6,1.4
63,2019-04-08,68878.0,0.353,0.125,3685.0,0.4,12204.0,0.443,0.398,2.6,1.4
64,2019-04-09,68295.0,0.353,0.125,3685.0,0.4,12204.0,0.443,0.398,2.6,1.4
65,2019-04-10,67349.0,0.353,0.125,3685.0,0.4,12204.0,0.443,0.398,2.6,1.4
66,2019-04-11,68077.0,0.353,0.125,3685.0,0.4,12204.0,0.443,0.398,2.6,1.4
67,2019-04-12,67931.0,0.353,0.125,3685.0,0.4,12204.0,0.443,0.398,2.6,1.4
68,2019-04-16,66256.0,0.353,0.125,3685.0,0.4,12204.0,0.443,0.398,2.6,1.4
69,2019-04-17,65383.0,0.353,0.125,3685.0,0.4,12204.0,0.443,0.398,2.6,1.4
70,2019-04-18,64800.0,0.353,0.125,3685.0,0.4,12204.0,0.443,0.398,2.6,1.4
71,2019-04-19,64800.0,0.353,0.125,3685.0,0.4,12204.0,0.443,0.398,2.6,1.4
72,2019-04-22,65528.0,0.353,0.125,3685.0,0.4,12204.0,0.443,0.398,2.6,1.4
73,2019-04-23,64800.0,0.353,0.125,3685.0,0.4,12204.0,0.443,0.398,2.6,1.4
74,2019-04-24,65310.0,0.353,0.125,3685.0,0.4,12204.0,0.443,0.398,2.6,1.4
75,2019-04-25,65674.0,0.353,0.125,3685.0,0.4,12204.0,0.443,0.398,2.6,1.4
76,2019-04-26,66985.0,0.353,0.125,3685.0,0.4,12204.0,0.443,0.398,2.6,1.4
77,2019-05-02,66548.0,0.353,0.125,3685.0,0.4,12204.0,0.443,0.398,2.6,1.4
78,2019-05-03,65820.0,0.353,0.125,3685.0,0.4,12204.0,0.443,0.398,2.6,1.4
79,2019-05-06,64800.0,0.353,0.125,3685.0,0.4,12204.0,0.443,0.398,2.6,1.4
80,2019-05-07,63999.0,0.353,0.125,3685.0,0.4,12204.0,0.443,0.398,2.6,1.4
81,2019-05-08,62325.0,0.353,0.125,3685.0,0.4,12204.0,0.443,0.398,2.6,1.4
82,2019-05-09,61524.0,0.353,0.125,3685.0,0.4,12204.0,0.443,0.398,2.6,1.4
83,2019-05-10,61160.0,0.353,0.125,3685.0,0.4,12204.0,0.443,0.398,2.6,1.4
84,2019-05-13,61888.0,0.353,0.125,3685.0,0.4,12204.0,0.443,0.398,2.6,1.4
85,2019-05-14,61888.0,0.353,0.125,3685.0,0.4,12204.0,0.443,0.398,2.6,1.4
86,2019-05-15,62616.0,0.353,0.125,3685.0,0.4,12204.0,0.443,0.398,2.6,1.4
87,2019-05-16,63344.0,0.353,0.125,3685.0,0.4,12204.0,0.443,0.398,2.6,1.4
88,2019-05-17,63126.0,0.353,0.125,3685.0,0.4,12204.0,0.443,0.398,2.6,1.4
89,2019-05-20,63198.0,0.353,0.125,3685.0,0.4,12204.0,0.443,0.398,2.6,1.4
90,2019-05-21,63126.0,0.353,0.125,3685.0,0.4,12204.0,0.443,0.398,2.6,1.4
91,2019-05-22,62980.0,0.353,0.125,3685.0,0.4,12204.0,0.443,0.398,2.6,1.4
92,2019-05-23,62980.0,0.353,0.125,3685.0,0.4,12204.0,0.443,0.398,2.6,1.4
93,2019-05-24,61524.0,0.353,0.125,3685.0,0.4,12204.0,0.443,0.398,2.6,1.4
94,2019-05-27,61451.0,0.353,0.125,3685.0,0.4,12204.0,0.443,0.398,2.6,1.4
95,2019-05-28,60796.0,0.353,0.125,3685.0,0.4,12204.0,0.443,0.398,2.6,1.4
96,2019-05-29,60869.0,0.353,0.125,3685.0,0.4,12204.0,0.443,0.398,2.6,1.4
97,2019-05-30,60140.0,0.353,0.125,3685.0,0.4,12204.0,0.443,0.398,2.6,1.4
98,2019-05-31,59704.0,0.353,0.125,3685.0,0.4,12204.0,0.443,0.398,2.6,1.4
99,2019-06-03,58684.0,0.353,0.125,3685.0,0.4,12204.0,0.443,0.398,2.6,1.4
100,2019-06-04,58684.0,0.353,0.125,3685.0,0.4,12204.0,0.443,0.398,2.6,1.4
101,2019-06-05,58684.0,0.353,0.125,3685.0,0.4,12204.0,0.443,0.398,2.6,1.4
102,2019-06-06,58466.0,0.353,0.125,3685.0,0.4,12204.0,0.443,0.398,2.6,1.4
103,2019-06-07,59849.0,0.353,0.125,3685.0,0.4,12204.0,0.443,0.398,2.6,1.4
104,2019-06-10,59704.0,0.353,0.125,3685.0,0.4,12204.0,0.443,0.398,2.6,1.4
105,2019-06-11,59631.0,0.353,0.125,3685.0,0.4,12204.0,0.443,0.398,2.6,1.4
106,2019-06-12,58247.0,0.353,0.125,3685.0,0.4,12204.0,0.443,0.398,2.6,1.4
107,2019-06-13,58247.0,0.353,0.125,3685.0,0.4,12204.0,0.443,0.398,2.6,1.4
108,2019-06-14,58175.0,0.353,0.125,3685.0,0.4,12204.0,0.443,0.398,2.6,1.4
109,2019-06-17,56791.0,0.353,0.125,3685.0,0.4,12204.0,0.443,0.398,2.6,1.4
110,2019-06-18,56791.0,0.353,0.125,3685.0,0.4,12204.0,0.443,0.398,2.6,1.4
111,2019-06-19,56864.0,0.353,0.125,3685.0,0.4,12204.0,0.443,0.398,2.6,1.4
112,2019-06-20,57082.0,0.353,0.125,3685.0,0.4,12204.0,0.443,0.398,2.6,1.4
113,2019-06-21,57155.0,0.353,0.125,3685.0,0.4,12204.0,0.443,0.398,2.6,1.4
114,2019-06-24,57883.0,0.353,0.125,3685.0,0.4,12204.0,0.443,0.398,2.6,1.4
115,2019-06-25,57883.0,0.353,0.125,3685.0,0.4,12204.0,0.443,0.398,2.6,1.4
116,2019-06-26,57519.0,0.353,0.125,3685.0,0.4,12204.0,0.443,0.398,2.6,1.4
117,2019-06-27,56427.0,0.353,0.125,3685.0,0.4,12204.0,0.443,0.398,2.6,1.4
118,2019-06-28,57738.0,0.353,0.125,3685.0,0.4,12204.0,0.443,0.398,2.6,1.4
119,2019-07-01,58976.0,0.372,0.118,4058.0,0.5,12332.0,0.62,0.561,3.0,1.5
120,2019-07-02,59048.0,0.372,0.118,4058.0,0.5,12332.0,0.62,0.561,3.0,1.5
121,2019-07-03,59704.0,0.372,0.118,4058.0,0.5,12332.0,0.62,0.561,3.0,1.5
122,2019-07-04,61888.0,0.372,0.118,4058.0,0.5,12332.0,0.62,0.561,3.0,1.5
123,2019-07-05,62616.0,0.372,0.118,4058.0,0.5,12332.0,0.62,0.561,3.0,1.5
124,2019-07-08,60432.0,0.372,0.118,4058.0,0.5,12332.0,0.62,0.561,3.0,1.5
125,2019-07-09,60505.0,0.372,0.118,4058.0,0.5,12332.0,0.62,0.561,3.0,1.5
126,2019-07-10,60723.0,0.372,0.118,4058.0,0.5,12332.0,0.62,0.561,3.0,1.5
127,2019-07-11,60505.0,0.372,0.118,4058.0,0.5,12332.0,0.62,0.561,3.0,1.5
128,2019-07-12,60505.0,0.372,0.118,4058.0,0.5,12332.0,0.62,0.561,3.0,1.5
129,2019-07-15,59704.0,0.372,0.118,4058.0,0.5,12332.0,0.62,0.561,3.0,1.5
130,2019-07-16,61087.0,0.372,0.118,4058.0,0.5,12332.0,0.62,0.561,3.0,1.5
131,2019-07-17,61160.0,0.372,0.118,4058.0,0.5,12332.0,0.62,0.561,3.0,1.5
132,2019-07-18,61160.0,0.372,0.118,4058.0,0.5,12332.0,0.62,0.561,3.0,1.5
133,2019-07-19,61524.0,0.372,0.118,4058.0,0.5,12332.0,0.62,0.561,3.0,1.5
134,2019-07-22,61597.0,0.372,0.118,4058.0,0.5,12332.0,0.62,0.561,3.0,1.5
135,2019-07-23,62470.0,0.372,0.118,4058.0,0.5,12332.0,0.62,0.561,3.0,1.5
136,2019-07-24,62470.0,0.372,0.118,4058.0,0.5,12332.0,0.62,0.561,3.0,1.5
137,2019-07-25,63708.0,0.372,0.118,4058.0,0.5,12332.0,0.62,0.561,3.0,1.5
138,2019-07-26,63708.0,0.372,0.118,4058.0,0.5,12332.0,0.62,0.561,3.0,1.5
139,2019-07-29,63927.0,0.372,0.118,4058.0,0.5,12332.0,0.62,0.561,3.0,1.5
140,2019-07-30,61160.0,0.372,0.118,4058.0,0.5,12332.0,0.62,0.561,3.0,1.5
141,2019-07-31,64218.0,0.372,0.118,4058.0,0.5,12332.0,0.62,0.561,3.0,1.5
142,2019-08-01,65892.0,0.372,0.118,4058.0,0.5,12332.0,0.62,0.561,3.0,1.5
143,2019-08-02,65674.0,0.372,0.118,4058.0,0.5,12332.0,0.62,0.561,3.0,1.5
144,2019-08-05,62034.0,0.372,0.118,4058.0,0.5,12332.0,0.62,0.561,3.0,1.5
145,2019-08-06,60796.0,0.372,0.118,4058.0,0.5,12332.0,0.62,0.561,3.0,1.5
146,2019-08-07,61160.0,0.372,0.118,4058.0,0.5,12332.0,0.62,0.561,3.0,1.5
147,2019-08-08,62265.0,0.372,0.118,4058.0,0.5,12332.0,0.62,0.561,3.0,1.5
148,2019-08-09,61896.0,0.372,0.118,4058.0,0.5,12332.0,0.62,0.561,3.0,1.5
149,2019-08-12,62044.0,0.372,0.118,4058.0,0.5,12332.0,0.62,0.561,3.0,1.5
150,2019-08-13,61086.0,0.372,0.118,4058.0,0.5,12332.0,0.62,0.561,3.0,1.5
151,2019-08-14,61159.0,0.372,0.118,4058.0,0.5,12332.0,0.62,0.561,3.0,1.5
152,2019-08-15,61896.0,0.372,0.118,4058.0,0.5,12332.0,0.62,0.561,3.0,1.5
153,2019-08-16,61528.0,0.372,0.118,4058.0,0.5,12332.0,0.62,0.561,3.0,1.5
154,2019-08-19,62044.0,0.372,0.118,4058.0,0.5,12332.0,0.62,0.561,3.0,1.5
155,2019-08-20,63886.0,0.372,0.118,4058.0,0.5,12332.0,0.62,0.561,3.0,1.5
156,2019-08-21,64328.0,0.372,0.118,4058.0,0.5,12332.0,0.62,0.561,3.0,1.5
157,2019-08-22,64770.0,0.372,0.118,4058.0,0.5,12332.0,0.62,0.561,3.0,1.5
158,2019-08-23,64107.0,0.372,0.118,4058.0,0.5,12332.0,0.62,0.561,3.0,1.5
159,2019-08-26,63296.0,0.372,0.118,4058.0,0.5,12332.0,0.62,0.561,3.0,1.5
160,2019-08-27,63812.0,0.372,0.118,4058.0,0.5,12332.0,0.62,0.561,3.0,1.5
161,2019-08-28,63960.0,0.372,0.118,4058.0,0.5,12332.0,0.62,0.561,3.0,1.5
162,2019-08-29,63960.0,0.372,0.118,4058.0,0.5,12332.0,0.62,0.561,3.0,1.5
163,2019-08-30,64696.0,0.372,0.118,4058.0,0.5,12332.0,0.62,0.561,3.0,1.5
164,2019-09-03,64549.0,0.372,0.118,4058.0,0.5,12332.0,0.62,0.561,3.0,1.5
165,2019-09-04,65581.0,0.372,0.118,4058.0,0.5,12332.0,0.62,0.561,3.0,1.5
166,2019-09-05,65581.0,0.372,0.118,4058.0,0.5,12332.0,0.62,0.561,3.0,1.5
167,2019-09-06,65433.0,0.372,0.118,4058.0,0.5,12332.0,0.62,0.561,3.0,1.5
168,2019-09-09,65139.0,0.372,0.118,4058.0,0.5,12332.0,0.62,0.561,3.0,1.5
169,2019-09-10,64844.0,0.372,0.118,4058.0,0.5,12332.0,0.62,0.561,3.0,1.5
170,2019-09-11,63591.0,0.372,0.118,4058.0,0.5,12332.0,0.62,0.561,3.0,1.5
171,2019-09-12,64033.0,0.372,0.118,4058.0,0.5,12332.0,0.62,0.561,3.0,1.5
172,2019-09-13,64844.0,0.372,0.118,4058.0,0.5,12332.0,0.62,0.561,3.0,1.5
173,2019-09-16,65212.0,0.372,0.118,4058.0,0.5,12332.0,0.62,0.561,3.0,1.5
174,2019-09-17,66539.0,0.372,0.118,4058.0,0.5,12332.0,0.62,0.561,3.0,1.5
175,2019-09-18,66612.0,0.372,0.118,4058.0,0.5,12332.0,0.62,0.561,3.0,1.5
176,2019-09-19,66539.0,0.372,0.118,4058.0,0.5,12332.0,0.62,0.561,3.0,1.5
177,2019-09-20,66023.0,0.372,0.118,4058.0,0.5,12332.0,0.62,0.561,3.0,1.5
178,2019-09-23,65949.0,0.372,0.118,4058.0,0.5,12332.0,0.62,0.561,3.0,1.5
179,2019-09-24,65949.0,0.372,0.118,4058.0,0.5,12332.0,0.62,0.561,3.0,1.5
180,2019-09-25,65949.0,0.372,0.118,4058.0,0.5,12332.0,0.62,0.561,3.0,1.5
181,2019-09-26,65360.0,0.372,0.118,4058.0,0.5,12332.0,0.62,0.561,3.0,1.5
182,2019-09-27,65802.0,0.372,0.118,4058.0,0.5,12332.0,0.62,0.561,3.0,1.5
183,2019-09-30,65802.0,0.372,0.118,4058.0,0.5,12332.0,0.62,0.561,3.0,1.5
184,2019-10-01,65728.0,0.431,0.135,4892.0,0.4,12768.0,0.706,0.549,3.5,2.0
185,2019-10-02,65581.0,0.431,0.135,4892.0,0.4,12768.0,0.706,0.549,3.5,2.0
186,2019-10-03,65802.0,0.431,0.135,4892.0,0.4,12768.0,0.706,0.549,3.5,2.0
187,2019-10-04,65728.0,0.431,0.135,4892.0,0.4,12768.0,0.706,0.549,3.5,2.0
188,2019-10-07,65581.0,0.431,0.135,4892.0,0.4,12768.0,0.706,0.549,3.5,2.0
189,2019-10-08,65286.0,0.431,0.135,4892.0,0.4,12768.0,0.706,0.549,3.5,2.0
190,2019-10-09,65212.0,0.431,0.135,4892.0,0.4,12768.0,0.706,0.549,3.5,2.0
191,2019-10-10,65212.0,0.431,0.135,4892.0,0.4,12768.0,0.706,0.549,3.5,2.0
192,2019-10-11,65139.0,0.431,0.135,4892.0,0.4,12768.0,0.706,0.549,3.5,2.0
193,2019-10-14,64770.0,0.431,0.135,4892.0,0.4,12768.0,0.706,0.549,3.5,2.0
194,2019-10-15,63665.0,0.431,0.135,4892.0,0.4,12768.0,0.706,0.549,3.5,2.0
195,2019-10-16,63665.0,0.431,0.135,4892.0,0.4,12768.0,0.706,0.549,3.5,2.0
196,2019-10-17,63739.0,0.431,0.135,4892.0,0.4,12768.0,0.706,0.549,3.5,2.0
197,2019-10-18,64107.0,0.431,0.135,4892.0,0.4,12768.0,0.706,0.549,3.5,2.0
198,2019-10-21,63739.0,0.431,0.135,4892.0,0.4,12768.0,0.706,0.549,3.5,2.0
199,2019-10-22,63370.0,0.431,0.135,4892.0,0.4,12768.0,0.706,0.549,3.5,2.0
200,2019-10-23,63296.0,0.431,0.135,4892.0,0.4,12768.0,0.706,0.549,3.5,2.0
201,2019-10-24,63444.0,0.431,0.135,4892.0,0.4,12768.0,0.706,0.549,3.5,2.0
202,2019-10-25,63370.0,0.431,0.135,4892.0,0.4,12768.0,0.706,0.549,3.5,2.0
203,2019-10-28,63370.0,0.431,0.135,4892.0,0.4,12768.0,0.706,0.549,3.5,2.0
204,2019-10-29,64549.0,0.431,0.135,4892.0,0.4,12768.0,0.706,0.549,3.5,2.0
205,2019-10-30,65433.0,0.431,0.135,4892.0,0.4,12768.0,0.706,0.549,3.5,2.0
206,2019-10-31,65581.0,0.431,0.135,4892.0,0.4,12768.0,0.706,0.549,3.5,2.0
207,2019-11-01,70149.0,0.431,0.135,4892.0,0.4,12768.0,0.706,0.549,3.5,2.0
208,2019-11-04,70739.0,0.431,0.135,4892.0,0.4,12768.0,0.706,0.549,3.5,2.0
209,2019-11-05,72139.0,0.431,0.135,4892.0,0.4,12768.0,0.706,0.549,3.5,2.0
210,2019-11-06,73244.0,0.431,0.135,4892.0,0.4,12768.0,0.706,0.549,3.5,2.0
211,2019-11-07,73318.0,0.431,0.135,4892.0,0.4,12768.0,0.706,0.549,3.5,2.0
212,2019-11-08,72581.0,0.431,0.135,4892.0,0.4,12768.0,0.706,0.549,3.5,2.0
213,2019-11-11,72728.0,0.431,0.135,4892.0,0.4,12768.0,0.706,0.549,3.5,2.0
214,2019-11-12,72065.0,0.431,0.135,4892.0,0.4,12768.0,0.706,0.549,3.5,2.0
215,2019-11-13,71549.0,0.431,0.135,4892.0,0.4,12768.0,0.706,0.549,3.5,2.0
216,2019-11-14,71033.0,0.431,0.135,4892.0,0.4,12768.0,0.706,0.549,3.5,2.0
217,2019-11-15,70960.0,0.431,0.135,4892.0,0.4,12768.0,0.706,0.549,3.5,2.0
218,2019-11-18,70960.0,0.431,0.135,4892.0,0.4,12768.0,0.706,0.549,3.5,2.0
219,2019-11-19,71107.0,0.431,0.135,4892.0,0.4,12768.0,0.706,0.549,3.5,2.0
220,2019-11-20,70886.0,0.431,0.135,4892.0,0.4,12768.0,0.706,0.549,3.5,2.0
221,2019-11-21,70223.0,0.431,0.135,4892.0,0.4,12768.0,0.706,0.549,3.5,2.0
222,2019-11-22,68897.0,0.431,0.135,4892.0,0.4,12768.0,0.706,0.549,3.5,2.0
223,2019-11-25,68675.0,0.431,0.135,4892.0,0.4,12768.0,0.706,0.549,3.5,2.0
224,2019-11-26,68749.0,0.431,0.135,4892.0,0.4,12768.0,0.706,0.549,3.5,2.0
225,2019-11-27,68528.0,0.431,0.135,4892.0,0.4,12768.0,0.706,0.549,3.5,2.0
226,2019-11-28,67497.0,0.431,0.135,4892.0,0.4,12768.0,0.706,0.549,3.5,2.0
227,2019-11-29,67718.0,0.431,0.135,4892.0,0.4,12768.0,0.706,0.549,3.5,2.0
228,2019-12-02,67718.0,0.431,0.135,4892.0,0.4,12768.0,0.706,0.549,3.5,2.0
229,2019-12-03,67644.0,0.431,0.135,4892.0,0.4,12768.0,0.706,0.549,3.5,2.0
230,2019-12-04,67644.0,0.431,0.135,4892.0,0.4,12768.0,0.706,0.549,3.5,2.0
231,2019-12-05,67791.0,0.431,0.135,4892.0,0.4,12768.0,0.706,0.549,3.5,2.0
232,2019-12-06,67791.0,0.431,0.135,4892.0,0.4,12768.0,0.706,0.549,3.5,2.0
233,2019-12-09,67791.0,0.431,0.135,4892.0,0.4,12768.0,0.706,0.549,3.5,2.0
234,2019-12-10,67423.0,0.431,0.135,4892.0,0.4,12768.0,0.706,0.549,3.5,2.0
235,2019-12-11,67128.0,0.431,0.135,4892.0,0.4,12768.0,0.706,0.549,3.5,2.0
236,2019-12-12,67202.0,0.431,0.135,4892.0,0.4,12768.0,0.706,0.549,3.5,2.0
237,2019-12-13,65654.0,0.431,0.135,4892.0,0.4,12768.0,0.706,0.549,3.5,2.0
238,2019-12-16,63444.0,0.431,0.135,4892.0,0.4,12768.0,0.706,0.549,3.5,2.0
239,2019-12-17,63002.0,0.431,0.135,4892.0,0.4,12768.0,0.706,0.549,3.5,2.0
240,2019-12-18,61823.0,0.431,0.135,4892.0,0.4,12768.0,0.706,0.549,3.5,2.0
241,2019-12-19,61823.0,0.431,0.135,4892.0,0.4,12768.0,0.706,0.549,3.5,2.0
242,2019-12-20,62044.0,0.431,0.135,4892.0,0.4,12768.0,0.706,0.549,3.5,2.0
243,2019-12-23,61749.0,0.431,0.135,4892.0,0.4,12768.0,0.706,0.549,3.5,2.0
244,2019-12-24,61675.0,0.431,0.135,4892.0,0.4,12768.0,0.706,0.549,3.5,2.0
245,2019-12-25,61675.0,0.431,0.135,4892.0,0.4,12768.0,0.706,0.549,3.5,2.0
246,2019-12-26,62044.0,0.431,0.135,4892.0,0.4,12768.0,0.706,0.549,3.5,2.0
247,2019-12-27,62265.0,0.431,0.135,4892.0,0.4,12768.0,0.706,0.549,3.5,2.0
248,2019-12-30,63002.0,0.431,0.135,4892.0,0.4,12768.0,0.706,0.549,3.5,2.0
249,2019-12-31,62486.0,0.431,0.135,4892.0,0.4,12768.0,0.706,0.549,3.5,2.0
250,2020-01-02,62560.0,0.471,0.155,5881.0,0.4,14450.0,0.452,0.333,3.2,1.8
251,2020-01-03,62781.0,0.471,0.155,5881.0,0.4,14450.0,0.452,0.333,3.2,1.8
252,2020-01-06,61454.0,0.471,0.155,5881.0,0.4,14450.0,0.452,0.333,3.2,1.8
253,2020-01-07,61749.0,0.471,0.155,5881.0,0.4,14450.0,0.452,0.333,3.2,1.8
254,2020-01-08,60791.0,0.471,0.155,5881.0,0.4,14450.0,0.452,0.333,3.2,1.8
255,2020-01-09,61381.0,0.471,0.155,5881.0,0.4,14450.0,0.452,0.333,3.2,1.8
256,2020-01-10,62265.0,0.471,0.155,5881.0,0.4,14450.0,0.452,0.333,3.2,1.8
257,2020-01-13,63591.0,0.471,0.155,5881.0,0.4,14450.0,0.452,0.333,3.2,1.8
258,2020-01-14,63591.0,0.471,0.155,5881.0,0.4,14450.0,0.452,0.333,3.2,1.8
259,2020-01-15,63591.0,0.471,0.155,5881.0,0.4,14450.0,0.452,0.333,3.2,1.8
260,2020-01-16,63444.0,0.471,0.155,5881.0,0.4,14450.0,0.452,0.333,3.2,1.8
261,2020-01-17,63370.0,0.471,0.155,5881.0,0.4,14450.0,0.452,0.333,3.2,1.8
262,2020-01-20,63370.0,0.471,0.155,5881.0,0.4,14450.0,0.452,0.333,3.2,1.8
263,2020-01-21,64475.0,0.471,0.155,5881.0,0.4,14450.0,0.452,0.333,3.2,1.8
264,2020-01-22,65875.0,0.471,0.155,5881.0,0.4,14450.0,0.452,0.333,3.2,1.8
265,2020-01-30,64402.0,0.471,0.155,5881.0,0.4,14450.0,0.452,0.333,3.2,1.8
266,2020-01-31,64475.0,0.471,0.155,5881.0,0.4,14450.0,0.452,0.333,3.2,1.8
267,2020-02-03,62781.0,0.471,0.155,5881.0,0.4,14450.0,0.452,0.333,3.2,1.8
268,2020-02-04,63149.0,0.471,0.155,5881.0,0.4,14450.0,0.452,0.333,3.2,1.8
269,2020-02-05,63370.0,0.471,0.155,5881.0,0.4,14450.0,0.452,0.333,3.2,1.8
270,2020-02-06,63960.0,0.471,0.155,5881.0,0.4,14450.0,0.452,0.333,3.2,1.8
271,2020-02-07,64107.0,0.471,0.155,5881.0,0.4,14450.0,0.452,0.333,3.2,1.8
272,2020-02-10,63517.0,0.471,0.155,5881.0,0.4,14450.0,0.452,0.333,3.2,1.8
273,2020-02-11,63517.0,0.471,0.155,5881.0,0.4,14450.0,0.452,0.333,3.2,1.8
274,2020-02-12,63739.0,0.471,0.155,5881.0,0.4,14450.0,0.452,0.333,3.2,1.8
275,2020-02-13,63370.0,0.471,0.155,5881.0,0.4,14450.0,0.452,0.333,3.2,1.8
276,2020-02-14,64549.0,0.471,0.155,5881.0,0.4,14450.0,0.452,0.333,3.2,1.8
277,2020-02-17,63886.0,0.471,0.155,5881.0,0.4,14450.0,0.452,0.333,3.2,1.8
278,2020-02-18,63370.0,0.471,0.155,5881.0,0.4,14450.0,0.452,0.333,3.2,1.8
279,2020-02-19,63370.0,0.471,0.155,5881.0,0.4,14450.0,0.452,0.333,3.2,1.8
280,2020-02-20,64033.0,0.471,0.155,5881.0,0.4,14450.0,0.452,0.333,3.2,1.8
281,2020-02-21,63444.0,0.471,0.155,5881.0,0.4,14450.0,0.452,0.333,3.2,1.8
282,2020-02-24,61896.0,0.471,0.155,5881.0,0.4,14450.0,0.452,0.333,3.2,1.8
283,2020-02-25,61233.0,0.471,0.155,5881.0,0.4,14450.0,0.452,0.333,3.2,1.8
284,2020-02-26,59612.0,0.471,0.155,5881.0,0.4,14450.0,0.452,0.333,3.2,1.8
285,2020-02-27,59538.0,0.471,0.155,5881.0,0.4,14450.0,0.452,0.333,3.2,1.8
286,2020-02-28,59244.0,0.471,0.155,5881.0,0.4,14450.0,0.452,0.333,3.2,1.8
287,2020-03-02,59317.0,0.471,0.155,5881.0,0.4,14450.0,0.452,0.333,3.2,1.8
288,2020-03-03,59317.0,0.471,0.155,5881.0,0.4,14450.0,0.452,0.333,3.2,1.8
289,2020-03-04,59317.0,0.471,0.155,5881.0,0.4,14450.0,0.452,0.333,3.2,1.8
290,2020-03-05,59686.0,0.471,0.155,5881.0,0.4,14450.0,0.452,0.333,3.2,1.8
291,2020-03-06,59612.0,0.471,0.155,5881.0,0.4,14450.0,0.452,0.333,3.2,1.8
292,2020-03-09,55486.0,0.471,0.155,5881.0,0.4,14450.0,0.452,0.333,3.2,1.8
293,2020-03-10,56370.0,0.471,0.155,5881.0,0.4,14450.0,0.452,0.333,3.2,1.8
294,2020-03-11,56370.0,0.471,0.155,5881.0,0.4,14450.0,0.452,0.333,3.2,1.8
295,2020-03-12,53054.0,0.471,0.155,5881.0,0.4,14450.0,0.452,0.333,3.2,1.8
296,2020-03-13,53054.0,0.471,0.155,5881.0,0.4,14450.0,0.452,0.333,3.2,1.8
297,2020-03-16,52907.0,0.471,0.155,5881.0,0.4,14450.0,0.452,0.333,3.2,1.8
298,2020-03-17,51507.0,0.471,0.155,5881.0,0.4,14450.0,0.452,0.333,3.2,1.8
299,2020-03-18,51212.0,0.471,0.155,5881.0,0.4,14450.0,0.452,0.333,3.2,1.8
300,2020-03-19,50475.0,0.471,0.155,5881.0,0.4,14450.0,0.452,0.333,3.2,1.8
301,2020-03-20,47012.0,0.471,0.155,5881.0,0.4,14450.0,0.452,0.333,3.2,1.8
302,2020-03-23,43770.0,0.471,0.155,5881.0,0.4,14450.0,0.452,0.333,3.2,1.8
303,2020-03-24,40748.0,0.471,0.155,5881.0,0.4,14450.0,0.452,0.333,3.2,1.8
304,2020-03-25,43549.0,0.471,0.155,5881.0,0.4,14450.0,0.452,0.333,3.2,1.8
305,2020-03-26,44949.0,0.471,0.155,5881.0,0.4,14450.0,0.452,0.333,3.2,1.8
306,2020-03-27,44212.0,0.471,0.155,5881.0,0.4,14450.0,0.452,0.333,3.2,1.8
307,2020-03-30,41117.0,0.471,0.155,5881.0,0.4,14450.0,0.452,0.333,3.2,1.8
308,2020-03-31,40527.0,0.471,0.155,5881.0,0.4,14450.0,0.452,0.333,3.2,1.8
309,2020-04-01,40380.0,0.358,0.119,4990.0,0.5,15685.0,0.392,0.325,3.3,2.0
310,2020-04-03,42517.0,0.358,0.119,4990.0,0.5,15685.0,0.392,0.325,3.3,2.0
311,2020-04-06,45464.0,0.358,0.119,4990.0,0.5,15685.0,0.392,0.325,3.3,2.0
312,2020-04-07,48633.0,0.358,0.119,4990.0,0.5,15685.0,0.392,0.325,3.3,2.0
313,2020-04-08,51580.0,0.358,0.119,4990.0,0.5,15685.0,0.392,0.325,3.3,2.0
314,2020-04-09,50843.0,0.358,0.119,4990.0,0.5,15685.0,0.392,0.325,3.3,2.0
315,2020-04-10,49443.0,0.358,0.119,4990.0,0.5,15685.0,0.392,0.325,3.3,2.0
316,2020-04-13,49591.0,0.358,0.119,4990.0,0.5,15685.0,0.392,0.325,3.3,2.0
317,2020-04-14,50107.0,0.358,0.119,4990.0,0.5,15685.0,0.392,0.325,3.3,2.0
318,2020-04-15,49959.0,0.358,0.119,4990.0,0.5,15685.0,0.392,0.325,3.3,2.0
319,2020-04-16,49738.0,0.358,0.119,4990.0,0.5,15685.0,0.392,0.325,3.3,2.0
320,2020-04-17,50475.0,0.358,0.119,4990.0,0.5,15685.0,0.392,0.325,3.3,2.0
321,2020-04-20,50475.0,0.358,0.119,4990.0,0.5,15685.0,0.392,0.325,3.3,2.0
322,2020-04-21,50107.0,0.358,0.119,4990.0,0.5,15685.0,0.392,0.325,3.3,2.0
323,2020-04-22,48191.0,0.358,0.119,4990.0,0.5,15685.0,0.392,0.325,3.3,2.0
324,2020-04-23,49075.0,0.358,0.119,4990.0,0.5,15685.0,0.392,0.325,3.3,2.0
325,2020-04-24,47896.0,0.358,0.119,4990.0,0.5,15685.0,0.392,0.325,3.3,2.0
326,2020-04-27,47528.0,0.358,0.119,4990.0,0.5,15685.0,0.392,0.325,3.3,2.0
327,2020-04-28,47601.0,0.358,0.119,4990.0,0.5,15685.0,0.392,0.325,3.3,2.0
328,2020-04-29,46864.0,0.358,0.119,4990.0,0.5,15685.0,0.392,0.325,3.3,2.0
329,2020-05-04,47822.0,0.358,0.119,4990.0,0.5,15685.0,0.392,0.325,3.3,2.0
330,2020-05-05,46864.0,0.358,0.119,4990.0,0.5,15685.0,0.392,0.325,3.3,2.0
331,2020-05-06,49370.0,0.358,0.119,4990.0,0.5,15685.0,0.392,0.325,3.3,2.0
332,2020-05-07,49812.0,0.358,0.119,4990.0,0.5,15685.0,0.392,0.325,3.3,2.0
333,2020-05-08,52243.0,0.358,0.119,4990.0,0.5,15685.0,0.392,0.325,3.3,2.0
334,2020-05-11,54159.0,0.358,0.119,4990.0,0.5,15685.0,0.392,0.325,3.3,2.0
335,2020-05-12,54159.0,0.358,0.119,4990.0,0.5,15685.0,0.392,0.325,3.3,2.0
336,2020-05-13,52612.0,0.358,0.119,4990.0,0.5,15685.0,0.392,0.325,3.3,2.0
337,2020-05-14,52022.0,0.358,0.119,4990.0,0.5,15685.0,0.392,0.325,3.3,2.0
338,2020-05-15,52759.0,0.358,0.119,4990.0,0.5,15685.0,0.392,0.325,3.3,2.0
339,2020-05-18,52980.0,0.358,0.119,4990.0,0.5,15685.0,0.392,0.325,3.3,2.0
340,2020-05-19,53938.0,0.358,0.119,4990.0,0.5,15685.0,0.392,0.325,3.3,2.0
341,2020-05-20,56812.0,0.358,0.119,4990.0,0.5,15685.0,0.392,0.325,3.3,2.0
342,2020-05-21,57475.0,0.358,0.119,4990.0,0.5,15685.0,0.392,0.325,3.3,2.0
343,2020-05-22,56370.0,0.358,0.119,4990.0,0.5,15685.0,0.392,0.325,3.3,2.0
344,2020-05-25,56591.0,0.358,0.119,4990.0,0.5,15685.0,0.392,0.325,3.3,2.0
345,2020-05-26,56296.0,0.358,0.119,4990.0,0.5,15685.0,0.392,0.325,3.3,2.0
346,2020-05-27,55044.0,0.358,0.119,4990.0,0.5,15685.0,0.392,0.325,3.3,2.0
347,2020-05-28,55265.0,0.358,0.119,4990.0,0.5,15685.0,0.392,0.325,3.3,2.0
348,2020-05-29,56444.0,0.358,0.119,4990.0,0.5,15685.0,0.392,0.325,3.3,2.0
349,2020-06-01,58286.0,0.358,0.119,4990.0,0.5,15685.0,0.392,0.325,3.3,2.0
350,2020-06-02,57328.0,0.358,0.119,4990.0,0.5,15685.0,0.392,0.325,3.3,2.0
351,2020-06-03,57402.0,0.358,0.119,4990.0,0.5,15685.0,0.392,0.325,3.3,2.0
352,2020-06-04,57107.0,0.358,0.119,4990.0,0.5,15685.0,0.392,0.325,3.3,2.0
353,2020-06-05,56959.0,0.358,0.119,4990.0,0.5,15685.0,0.392,0.325,3.3,2.0
354,2020-06-08,57328.0,0.358,0.119,4990.0,0.5,15685.0,0.392,0.325,3.3,2.0
355,2020-06-09,57180.0,0.358,0.119,4990.0,0.5,15685.0,0.392,0.325,3.3,2.0
356,2020-06-10,57107.0,0.358,0.119,4990.0,0.5,15685.0,0.392,0.325,3.3,2.0
357,2020-06-11,56370.0,0.358,0.119,4990.0,0.5,15685.0,0.392,0.325,3.3,2.0
358,2020-06-12,55265.0,0.358,0.119,4990.0,0.5,15685.0,0.392,0.325,3.3,2.0
359,2020-06-15,51580.0,0.358,0.119,4990.0,0.5,15685.0,0.392,0.325,3.3,2.0
360,2020-06-16,55191.0,0.358,0.119,4990.0,0.5,15685.0,0.392,0.325,3.3,2.0
361,2020-06-17,56001.0,0.358,0.119,4990.0,0.5,15685.0,0.392,0.325,3.3,2.0
362,2020-06-18,56370.0,0.358,0.119,4990.0,0.5,15685.0,0.392,0.325,3.3,2.0
363,2020-06-19,56370.0,0.358,0.119,4990.0,0.5,15685.0,0.392,0.325,3.3,2.0
364,2020-06-22,57696.0,0.358,0.119,4990.0,0.5,15685.0,0.392,0.325,3.3,2.0
365,2020-06-23,57254.0,0.358,0.119,4990.0,0.5,15685.0,0.392,0.325,3.3,2.0
366,2020-06-24,55780.0,0.358,0.119,4990.0,0.5,15685.0,0.392,0.325,3.3,2.0
367,2020-06-25,55633.0,0.358,0.119,4990.0,0.5,15685.0,0.392,0.325,3.3,2.0
368,2020-06-26,55707.0,0.358,0.119,4990.0,0.5,15685.0,0.392,0.325,3.3,2.0
369,2020-06-29,54528.0,0.358,0.119,4990.0,0.5,15685.0,0.392,0.325,3.3,2.0
370,2020-06-30,55633.0,0.358,0.119,4990.0,0.5,15685.0,0.392,0.325,3.3,2.0
371,2020-07-01,56665.0,0.347,0.117,5125.0,0.4,17201.0,0.344,0.285,2.9,1.8
372,2020-07-02,56665.0,0.347,0.117,5125.0,0.4,17201.0,0.344,0.285,2.9,1.8
373,2020-07-03,57328.0,0.347,0.117,5125.0,0.4,17201.0,0.344,0.285,2.9,1.8
374,2020-07-06,59538.0,0.347,0.117,5125.0,0.4,17201.0,0.344,0.285,2.9,1.8
375,2020-07-07,59538.0,0.347,0.117,5125.0,0.4,17201.0,0.344,0.285,2.9,1.8
376,2020-07-08,59244.0,0.347,0.117,5125.0,0.4,17201.0,0.344,0.285,2.9,1.8
377,2020-07-09,59538.0,0.347,0.117,5125.0,0.4,17201.0,0.344,0.285,2.9,1.8
378,2020-07-10,58507.0,0.347,0.117,5125.0,0.4,17201.0,0.344,0.285,2.9,1.8
379,2020-07-13,58286.0,0.347,0.117,5125.0,0.4,17201.0,0.344,0.285,2.9,1.8
380,2020-07-14,59317.0,0.347,0.117,5125.0,0.4,17201.0,0.344,0.285,2.9,1.8
381,2020-07-15,59759.0,0.347,0.117,5125.0,0.4,17201.0,0.344,0.285,2.9,1.8
382,2020-07-16,60054.0,0.347,0.117,5125.0,0.4,17201.0,0.344,0.285,2.9,1.8
383,2020-07-17,59317.0,0.347,0.117,5125.0,0.4,17201.0,0.344,0.285,2.9,1.8
384,2020-07-20,58359.0,0.347,0.117,5125.0,0.4,17201.0,0.344,0.285,2.9,1.8
385,2020-07-21,58065.0,0.347,0.117,5125.0,0.4,17201.0,0.344,0.285,2.9,1.8
386,2020-07-22,57107.0,0.347,0.117,5125.0,0.4,17201.0,0.344,0.285,2.9,1.8
387,2020-07-23,58065.0,0.347,0.117,5125.0,0.4,17201.0,0.344,0.285,2.9,1.8
388,2020-07-24,56001.0,0.347,0.117,5125.0,0.4,17201.0,0.344,0.285,2.9,1.8
389,2020-07-27,52243.0,0.347,0.117,5125.0,0.4,17201.0,0.344,0.285,2.9,1.8
390,2020-07-28,55854.0,0.347,0.117,5125.0,0.4,17201.0,0.344,0.285,2.9,1.8
391,2020-07-29,54528.0,0.347,0.117,5125.0,0.4,17201.0,0.344,0.285,2.9,1.8
392,2020-07-30,56444.0,0.347,0.117,5125.0,0.4,17201.0,0.344,0.285,2.9,1.8
393,2020-07-31,57254.0,0.347,0.117,5125.0,0.4,17201.0,0.344,0.285,2.9,1.8
394,2020-08-03,57844.0,0.347,0.117,5125.0,0.4,17201.0,0.344,0.285,2.9,1.8
395,2020-08-04,58212.0,0.347,0.117,5125.0,0.4,17201.0,0.344,0.285,2.9,1.8
396,2020-08-05,58654.0,0.347,0.117,5125.0,0.4,17201.0,0.344,0.285,2.9,1.8
397,2020-08-06,58654.0,0.347,0.117,5125.0,0.4,17201.0,0.344,0.285,2.9,1.8
398,2020-08-07,58654.0,0.347,0.117,5125.0,0.4,17201.0,0.344,0.285,2.9,1.8
399,2020-08-10,58654.0,0.347,0.117,5125.0,0.4,17201.0,0.344,0.285,2.9,1.8
400,2020-08-11,58507.0,0.347,0.117,5125.0,0.4,17201.0,0.344,0.285,2.9,1.8
401,2020-08-12,58507.0,0.347,0.117,5125.0,0.4,17201.0,0.344,0.285,2.9,1.8
402,2020-08-13,58507.0,0.347,0.117,5125.0,0.4,17201.0,0.344,0.285,2.9,1.8
403,2020-08-14,58728.0,0.347,0.117,5125.0,0.4,17201.0,0.344,0.285,2.9,1.8
404,2020-08-17,58728.0,0.347,0.117,5125.0,0.4,17201.0,0.344,0.285,2.9,1.8
405,2020-08-18,58654.0,0.347,0.117,5125.0,0.4,17201.0,0.344,0.285,2.9,1.8
406,2020-08-19,58949.0,0.347,0.117,5125.0,0.4,17201.0,0.344,0.285,2.9,1.8
407,2020-08-20,58949.0,0.347,0.117,5125.0,0.4,17201.0,0.344,0.285,2.9,1.8
408,2020-08-21,58580.0,0.347,0.117,5125.0,0.4,17201.0,0.344,0.285,2.9,1.8
409,2020-08-24,58949.0,0.347,0.117,5125.0,0.4,17201.0,0.344,0.285,2.9,1.8
410,2020-08-25,58654.0,0.347,0.117,5125.0,0.4,17201.0,0.344,0.285,2.9,1.8
411,2020-08-26,58580.0,0.347,0.117,5125.0,0.4,17201.0,0.344,0.285,2.9,1.8
412,2020-08-27,57844.0,0.347,0.117,5125.0,0.4,17201.0,0.344,0.285,2.9,1.8
413,2020-08-28,57917.0,0.347,0.117,5125.0,0.4,17201.0,0.344,0.285,2.9,1.8
414,2020-08-31,57844.0,0.347,0.117,5125.0,0.4,17201.0,0.344,0.285,2.9,1.8
415,2020-09-01,57991.0,0.347,0.117,5125.0,0.4,17201.0,0.344,0.285,2.9,1.8
416,2020-09-03,58654.0,0.347,0.117,5125.0,0.4,17201.0,0.344,0.285,2.9,1.8
417,2020-09-04,58949.0,0.347,0.117,5125.0,0.4,17201.0,0.344,0.285,2.9,1.8
418,2020-09-07,58286.0,0.347,0.117,5125.0,0.4,17201.0,0.344,0.285,2.9,1.8
419,2020-09-08,57844.0,0.347,0.117,5125.0,0.4,17201.0,0.344,0.285,2.9,1.8
420,2020-09-09,57917.0,0.347,0.117,5125.0,0.4,17201.0,0.344,0.285,2.9,1.8
421,2020-09-10,57549.0,0.347,0.117,5125.0,0.4,17201.0,0.344,0.285,2.9,1.8
422,2020-09-11,57254.0,0.347,0.117,5125.0,0.4,17201.0,0.344,0.285,2.9,1.8
423,2020-09-14,57107.0,0.347,0.117,5125.0,0.4,17201.0,0.344,0.285,2.9,1.8
424,2020-09-15,56591.0,0.347,0.117,5125.0,0.4,17201.0,0.344,0.285,2.9,1.8
425,2020-09-16,56886.0,0.347,0.117,5125.0,0.4,17201.0,0.344,0.285,2.9,1.8
426,2020-09-17,56517.0,0.347,0.117,5125.0,0.4,17201.0,0.344,0.285,2.9,1.8
427,2020-09-18,56665.0,0.347,0.117,5125.0,0.4,17201.0,0.344,0.285,2.9,1.8
428,2020-09-21,56812.0,0.347,0.117,5125.0,0.4,17201.0,0.344,0.285,2.9,1.8
429,2020-09-22,56591.0,0.347,0.117,5125.0,0.4,17201.0,0.344,0.285,2.9,1.8
430,2020-09-23,57107.0,0.347,0.117,5125.0,0.4,17201.0,0.344,0.285,2.9,1.8
431,2020-09-24,56812.0,0.347,0.117,5125.0,0.4,17201.0,0.344,0.285,2.9,1.8
432,2020-09-25,56812.0,0.347,0.117,5125.0,0.4,17201.0,0.344,0.285,2.9,1.8
433,2020-09-28,56444.0,0.347,0.117,5125.0,0.4,17201.0,0.344,0.285,2.9,1.8
434,2020-09-29,55486.0,0.347,0.117,5125.0,0.4,17201.0,0.344,0.285,2.9,1.8
435,2020-09-30,55633.0,0.347,0.117,5125.0,0.4,17201.0,0.344,0.285,2.9,1.8
436,2020-10-01,56812.0,0.393,0.135,6393.0,0.3,19784.0,0.339,0.264,2.5,1.4
437,2020-10-02,55928.0,0.393,0.135,6393.0,0.3,19784.0,0.339,0.264,2.5,1.4
438,2020-10-05,56001.0,0.393,0.135,6393.0,0.3,19784.0,0.339,0.264,2.5,1.4
439,2020-10-06,56075.0,0.393,0.135,6393.0,0.3,19784.0,0.339,0.264,2.5,1.4
440,2020-10-07,56591.0,0.393,0.135,6393.0,0.3,19784.0,0.339,0.264,2.5,1.4
441,2020-10-08,56444.0,0.393,0.135,6393.0,0.3,19784.0,0.339,0.264,2.5,1.4
442,2020-10-09,56738.0,0.393,0.135,6393.0,0.3,19784.0,0.339,0.264,2.5,1.4
443,2020-10-12,57107.0,0.393,0.135,6393.0,0.3,19784.0,0.339,0.264,2.5,1.4
444,2020-10-13,57549.0,0.393,0.135,6393.0,0.3,19784.0,0.339,0.264,2.5,1.4
445,2020-10-14,57844.0,0.393,0.135,6393.0,0.3,19784.0,0.339,0.264,2.5,1.4
446,2020-10-15,57107.0,0.393,0.135,6393.0,0.3,19784.0,0.339,0.264,2.5,1.4
447,2020-10-16,56738.0,0.393,0.135,6393.0,0.3,19784.0,0.339,0.264,2.5,1.4
448,2020-10-19,56075.0,0.393,0.135,6393.0,0.3,19784.0,0.339,0.264,2.5,1.4
449,2020-10-20,56149.0,0.393,0.135,6393.0,0.3,19784.0,0.339,0.264,2.5,1.4
450,2020-10-21,56296.0,0.393,0.135,6393.0,0.3,19784.0,0.339,0.264,2.5,1.4
451,2020-10-22,57107.0,0.393,0.135,6393.0,0.3,19784.0,0.339,0.264,2.5,1.4
452,2020-10-23,58580.0,0.393,0.135,6393.0,0.3,19784.0,0.339,0.264,2.5,1.4
453,2020-10-26,57844.0,0.393,0.135,6393.0,0.3,19784.0,0.339,0.264,2.5,1.4
454,2020-10-27,57180.0,0.393,0.135,6393.0,0.3,19784.0,0.339,0.264,2.5,1.4
455,2020-10-28,55707.0,0.393,0.135,6393.0,0.3,19784.0,0.339,0.264,2.5,1.4
456,2020-10-29,56149.0,0.393,0.135,6393.0,0.3,19784.0,0.339,0.264,2.5,1.4
457,2020-10-30,56001.0,0.393,0.135,6393.0,0.3,19784.0,0.339,0.264,2.5,1.4
458,2020-11-02,55928.0,0.393,0.135,6393.0,0.3,19784.0,0.339,0.264,2.5,1.4
459,2020-11-03,55854.0,0.393,0.135,6393.0,0.3,19784.0,0.339,0.264,2.5,1.4
460,2020-11-04,55928.0,0.393,0.135,6393.0,0.3,19784.0,0.339,0.264,2.5,1.4
461,2020-11-05,55780.0,0.393,0.135,6393.0,0.3,19784.0,0.339,0.264,2.5,1.4
462,2020-11-06,55780.0,0.393,0.135,6393.0,0.3,19784.0,0.339,0.264,2.5,1.4
463,2020-11-09,57475.0,0.393,0.135,6393.0,0.3,19784.0,0.339,0.264,2.5,1.4
464,2020-11-10,57033.0,0.393,0.135,6393.0,0.3,19784.0,0.339,0.264,2.5,1.4
465,2020-11-11,56444.0,0.393,0.135,6393.0,0.3,19784.0,0.339,0.264,2.5,1.4
466,2020-11-12,56886.0,0.393,0.135,6393.0,0.3,19784.0,0.339,0.264,2.5,1.4
467,2020-11-13,57696.0,0.393,0.135,6393.0,0.3,19784.0,0.339,0.264,2.5,1.4
468,2020-11-16,56444.0,0.393,0.135,6393.0,0.3,19784.0,0.339,0.264,2.5,1.4
469,2020-11-17,57696.0,0.393,0.135,6393.0,0.3,19784.0,0.339,0.264,2.5,1.4
470,2020-11-18,56959.0,0.393,0.135,6393.0,0.3,19784.0,0.339,0.264,2.5,1.4
471,2020-11-19,57107.0,0.393,0.135,6393.0,0.3,19784.0,0.339,0.264,2.5,1.4
472,2020-11-20,57844.0,0.393,0.135,6393.0,0.3,19784.0,0.339,0.264,2.5,1.4
473,2020-11-23,59391.0,0.393,0.135,6393.0,0.3,19784.0,0.339,0.264,2.5,1.4
474,2020-11-24,61749.0,0.393,0.135,6393.0,0.3,19784.0,0.339,0.264,2.5,1.4
475,2020-11-25,61528.0,0.393,0.135,6393.0,0.3,19784.0,0.339,0.264,2.5,1.4
476,2020-11-26,60938.0,0.393,0.135,6393.0,0.3,19784.0,0.339,0.264,2.5,1.4
477,2020-11-27,61159.0,0.393,0.135,6393.0,0.3,19784.0,0.339,0.264,2.5,1.4
478,2020-11-30,60865.0,0.393,0.135,6393.0,0.3,19784.0,0.339,0.264,2.5,1.4
479,2020-12-01,61381.0,0.393,0.135,6393.0,0.3,19784.0,0.339,0.264,2.5,1.4
480,2020-12-02,62781.0,0.393,0.135,6393.0,0.3,19784.0,0.339,0.264,2.5,1.4
481,2020-12-03,62560.0,0.393,0.135,6393.0,0.3,19784.0,0.339,0.264,2.5,1.4
482,2020-12-04,62560.0,0.393,0.135,6393.0,0.3,19784.0,0.339,0.264,2.5,1.4
483,2020-12-07,62412.0,0.393,0.135,6393.0,0.3,19784.0,0.339,0.264,2.5,1.4
484,2020-12-08,62191.0,0.393,0.135,6393.0,0.3,19784.0,0.339,0.264,2.5,1.4
485,2020-12-09,62633.0,0.393,0.135,6393.0,0.3,19784.0,0.339,0.264,2.5,1.4
486,2020-12-10,61602.0,0.393,0.135,6393.0,0.3,19784.0,0.339,0.264,2.5,1.4
487,2020-12-11,62633.0,0.393,0.135,6393.0,0.3,19784.0,0.339,0.264,2.5,1.4
488,2020-12-14,64107.0,0.393,0.135,6393.0,0.3,19784.0,0.339,0.264,2.5,1.4
489,2020-12-15,63370.0,0.393,0.135,6393.0,0.3,19784.0,0.339,0.264,2.5,1.4
490,2020-12-16,63517.0,0.393,0.135,6393.0,0.3,19784.0,0.339,0.264,2.5,1.4
491,2020-12-17,62412.0,0.393,0.135,6393.0,0.3,19784.0,0.339,0.264,2.5,1.4
492,2020-12-18,62854.0,0.393,0.135,6393.0,0.3,19784.0,0.339,0.264,2.5,1.4
493,2020-12-21,64181.0,0.393,0.135,6393.0,0.3,19784.0,0.339,0.264,2.5,1.4
494,2020-12-22,64033.0,0.393,0.135,6393.0,0.3,19784.0,0.339,0.264,2.5,1.4
495,2020-12-23,64402.0,0.393,0.135,6393.0,0.3,19784.0,0.339,0.264,2.5,1.4
496,2020-12-24,63591.0,0.393,0.135,6393.0,0.3,19784.0,0.339,0.264,2.5,1.4
497,2020-12-25,64549.0,0.393,0.135,6393.0,0.3,19784.0,0.339,0.264,2.5,1.4
498,2020-12-28,64623.0,0.393,0.135,6393.0,0.3,19784.0,0.339,0.264,2.5,1.4
499,2020-12-29,66539.0,0.393,0.135,6393.0,0.3,19784.0,0.339,0.264,2.5,1.4
500,2020-12-30,66465.0,0.393,0.135,6393.0,0.3,19784.0,0.339,0.264,2.5,1.4
501,2020-12-31,65949.0,0.393,0.135,6393.0,0.3,19784.0,0.339,0.264,2.5,1.4
502,2021-01-04,67791.0,0.343,0.129,6060.0,0.2,20920.0,0.478,0.392,2.3,1.2
503,2021-01-05,70444.0,0.343,0.129,6060.0,0.2,20920.0,0.478,0.392,2.3,1.2
504,2021-01-06,69854.0,0.343,0.129,6060.0,0.2,20920.0,0.478,0.392,2.3,1.2
505,2021-01-07,69854.0,0.343,0.129,6060.0,0.2,20920.0,0.478,0.392,2.3,1.2
506,2021-01-08,71033.0,0.343,0.129,6060.0,0.2,20920.0,0.478,0.392,2.3,1.2
507,2021-01-11,75970.0,0.343,0.129,6060.0,0.2,20920.0,0.478,0.392,2.3,1.2
508,2021-01-12,76191.0,0.343,0.129,6060.0,0.2,20920.0,0.478,0.392,2.3,1.2
509,2021-01-13,74349.0,0.343,0.129,6060.0,0.2,20920.0,0.478,0.392,2.3,1.2
510,2021-01-14,73391.0,0.343,0.129,6060.0,0.2,20920.0,0.478,0.392,2.3,1.2
511,2021-01-15,74865.0,0.343,0.129,6060.0,0.2,20920.0,0.478,0.392,2.3,1.2
512,2021-01-18,74423.0,0.343,0.129,6060.0,0.2,20920.0,0.478,0.392,2.3,1.2
513,2021-01-19,71328.0,0.343,0.129,6060.0,0.2,20920.0,0.478,0.392,2.3,1.2
514,2021-01-20,71844.0,0.343,0.129,6060.0,0.2,20920.0,0.478,0.392,2.3,1.2
515,2021-01-21,72949.0,0.343,0.129,6060.0,0.2,20920.0,0.478,0.392,2.3,1.2
516,2021-01-22,73170.0,0.343,0.129,6060.0,0.2,20920.0,0.478,0.392,2.3,1.2
517,2021-01-25,73318.0,0.343,0.129,6060.0,0.2,20920.0,0.478,0.392,2.3,1.2
518,2021-01-26,72212.0,0.343,0.129,6060.0,0.2,20920.0,0.478,0.392,2.3,1.2
519,2021-01-27,69191.0,0.343,0.129,6060.0,0.2,20920.0,0.478,0.392,2.3,1.2
520,2021-01-28,64402.0,0.343,0.129,6060.0,0.2,20920.0,0.478,0.392,2.3,1.2
521,2021-01-29,68897.0,0.343,0.129,6060.0,0.2,20920.0,0.478,0.392,2.3,1.2
522,2021-02-01,65065.0,0.343,0.129,6060.0,0.2,20920.0,0.478,0.392,2.3,1.2
523,2021-02-02,69560.0,0.343,0.129,6060.0,0.2,20920.0,0.478,0.392,2.3,1.2
524,2021-02-03,71623.0,0.343,0.129,6060.0,0.2,20920.0,0.478,0.392,2.3,1.2
525,2021-02-04,72507.0,0.343,0.129,6060.0,0.2,20920.0,0.478,0.392,2.3,1.2
526,2021-02-05,73170.0,0.343,0.129,6060.0,0.2,20920.0,0.478,0.392,2.3,1.2
527,2021-02-08,69781.0,0.343,0.129,6060.0,0.2,20920.0,0.478,0.392,2.3,1.2
528,2021-02-09,71328.0,0.343,0.129,6060.0,0.2,20920.0,0.478,0.392,2.3,1.2
529,2021-02-17,74423.0,0.343,0.129,6060.0,0.2,20920.0,0.478,0.392,2.3,1.2
530,2021-02-18,76044.0,0.343,0.129,6060.0,0.2,20920.0,0.478,0.392,2.3,1.2
531,2021-02-19,75970.0,0.343,0.129,6060.0,0.2,20920.0,0.478,0.392,2.3,1.2
532,2021-02-22,77960.0,0.343,0.129,6060.0,0.2,20920.0,0.478,0.392,2.3,1.2
533,2021-02-23,77592.0,0.343,0.129,6060.0,0.2,20920.0,0.478,0.392,2.3,1.2
534,2021-02-24,75749.0,0.343,0.129,6060.0,0.2,20920.0,0.478,0.392,2.3,1.2
535,2021-02-25,75749.0,0.343,0.129,6060.0,0.2,20920.0,0.478,0.392,2.3,1.2
536,2021-02-26,74865.0,0.343,0.129,6060.0,0.2,20920.0,0.478,0.392,2.3,1.2
537,2021-03-01,75897.0,0.343,0.129,6060.0,0.2,20920.0,0.478,0.392,2.3,1.2
538,2021-03-02,75749.0,0.343,0.129,6060.0,0.2,20920.0,0.478,0.392,2.3,1.2
539,2021-03-03,74791.0,0.343,0.129,6060.0,0.2,20920.0,0.478,0.392,2.3,1.2
540,2021-03-04,73686.0,0.343,0.129,6060.0,0.2,20920.0,0.478,0.392,2.3,1.2
541,2021-03-05,72507.0,0.343,0.129,6060.0,0.2,20920.0,0.478,0.392,2.3,1.2
542,2021-03-08,71623.0,0.343,0.129,6060.0,0.2,20920.0,0.478,0.392,2.3,1.2
543,2021-03-09,72360.0,0.343,0.129,6060.0,0.2,20920.0,0.478,0.392,2.3,1.2
544,2021-03-10,73612.0,0.343,0.129,6060.0,0.2,20920.0,0.478,0.392,2.3,1.2
545,2021-03-11,73686.0,0.343,0.129,6060.0,0.2,20920.0,0.478,0.392,2.3,1.2
546,2021-03-12,73612.0,0.343,0.129,6060.0,0.2,20920.0,0.478,0.392,2.3,1.2
547,2021-03-15,73539.0,0.343,0.129,6060.0,0.2,20920.0,0.478,0.392,2.3,1.2
548,2021-03-16,73318.0,0.343,0.129,6060.0,0.2,20920.0,0.478,0.392,2.3,1.2
549,2021-03-17,73170.0,0.343,0.129,6060.0,0.2,20920.0,0.478,0.392,2.3,1.2
550,2021-03-18,73465.0,0.343,0.129,6060.0,0.2,20920.0,0.478,0.392,2.3,1.2
551,2021-03-19,72065.0,0.343,0.129,6060.0,0.2,20920.0,0.478,0.392,2.3,1.2
552,2021-03-22,73170.0,0.343,0.129,6060.0,0.2,20920.0,0.478,0.392,2.3,1.2
553,2021-03-23,72728.0,0.343,0.129,6060.0,0.2,20920.0,0.478,0.392,2.3,1.2
554,2021-03-24,71623.0,0.343,0.129,6060.0,0.2,20920.0,0.478,0.392,2.3,1.2
555,2021-03-25,71255.0,0.343,0.129,6060.0,0.2,20920.0,0.478,0.392,2.3,1.2
556,2021-03-26,70518.0,0.343,0.129,6060.0,0.2,20920.0,0.478,0.392,2.3,1.2
557,2021-03-29,70886.0,0.343,0.129,6060.0,0.2,20920.0,0.478,0.392,2.3,1.2
558,2021-03-30,70960.0,0.343,0.129,6060.0,0.2,20920.0,0.478,0.392,2.3,1.2
559,2021-03-31,71697.0,0.343,0.129,6060.0,0.2,20920.0,0.478,0.392,2.3,1.2
560,2021-04-01,72949.0,0.408,0.154,7695.0,0.2,22005.0,0.515,0.488,2.2,1.1
561,2021-04-02,74202.0,0.408,0.154,7695.0,0.2,22005.0,0.515,0.488,2.2,1.1
562,2021-04-05,74939.0,0.408,0.154,7695.0,0.2,22005.0,0.515,0.488,2.2,1.1
563,2021-04-06,74939.0,0.408,0.154,7695.0,0.2,22005.0,0.515,0.488,2.2,1.1
564,2021-04-07,74055.0,0.408,0.154,7695.0,0.2,22005.0,0.515,0.488,2.2,1.1
565,2021-04-08,73465.0,0.408,0.154,7695.0,0.2,22005.0,0.515,0.488,2.2,1.1
566,2021-04-09,72876.0,0.408,0.154,7695.0,0.2,22005.0,0.515,0.488,2.2,1.1
567,2021-04-12,75012.0,0.408,0.154,7695.0,0.2,22005.0,0.515,0.488,2.2,1.1
568,2021-04-13,75528.0,0.408,0.154,7695.0,0.2,22005.0,0.515,0.488,2.2,1.1
569,2021-04-14,74055.0,0.408,0.154,7695.0,0.2,22005.0,0.515,0.488,2.2,1.1
570,2021-04-15,74570.0,0.408,0.154,7695.0,0.2,22005.0,0.515,0.488,2.2,1.1
571,2021-04-16,74423.0,0.408,0.154,7695.0,0.2,22005.0,0.515,0.488,2.2,1.1
572,2021-04-19,77002.0,0.408,0.154,7695.0,0.2,22005.0,0.515,0.488,2.2,1.1
573,2021-04-20,80023.0,0.408,0.154,7695.0,0.2,22005.0,0.515,0.488,2.2,1.1
574,2021-04-22,75970.0,0.408,0.154,7695.0,0.2,22005.0,0.515,0.488,2.2,1.1
575,2021-04-23,77370.0,0.408,0.154,7695.0,0.2,22005.0,0.515,0.488,2.2,1.1
576,2021-04-26,73391.0,0.408,0.154,7695.0,0.2,22005.0,0.515,0.488,2.2,1.1
577,2021-04-27,73686.0,0.408,0.154,7695.0,0.2,22005.0,0.515,0.488,2.2,1.1
578,2021-04-28,74349.0,0.408,0.154,7695.0,0.2,22005.0,0.515,0.488,2.2,1.1
579,2021-04-29,73170.0,0.408,0.154,7695.0,0.2,22005.0,0.515,0.488,2.2,1.1
580,2021-05-04,73097.0,0.408,0.154,7695.0,0.2,22005.0,0.515,0.488,2.2,1.1
581,2021-05-05,73391.0,0.408,0.154,7695.0,0.2,22005.0,0.515,0.488,2.2,1.1
582,2021-05-06,72728.0,0.408,0.154,7695.0,0.2,22005.0,0.515,0.488,2.2,1.1
583,2021-05-07,71549.0,0.408,0.154,7695.0,0.2,22005.0,0.515,0.488,2.2,1.1
584,2021-05-10,73023.0,0.408,0.154,7695.0,0.2,22005.0,0.515,0.488,2.2,1.1
585,2021-05-11,72212.0,0.408,0.154,7695.0,0.2,22005.0,0.515,0.488,2.2,1.1
586,2021-05-12,71991.0,0.408,0.154,7695.0,0.2,22005.0,0.515,0.488,2.2,1.1
587,2021-05-13,71476.0,0.408,0.154,7695.0,0.2,22005.0,0.515,0.488,2.2,1.1
588,2021-05-14,71623.0,0.408,0.154,7695.0,0.2,22005.0,0.515,0.488,2.2,1.1
589,2021-05-17,74276.0,0.408,0.154,7695.0,0.2,22005.0,0.515,0.488,2.2,1.1
590,2021-05-18,72876.0,0.408,0.154,7695.0,0.2,22005.0,0.515,0.488,2.2,1.1
591,2021-05-19,73981.0,0.408,0.154,7695.0,0.2,22005.0,0.515,0.488,2.2,1.1
592,2021-05-20,75160.0,0.408,0.154,7695.0,0.2,22005.0,0.515,0.488,2.2,1.1
593,2021-05-21,76560.0,0.408,0.154,7695.0,0.2,22005.0,0.515,0.488,2.2,1.1
594,2021-05-24,78107.0,0.408,0.154,7695.0,0.2,22005.0,0.515,0.488,2.2,1.1
595,2021-05-25,77076.0,0.408,0.154,7695.0,0.2,22005.0,0.515,0.488,2.2,1.1
596,2021-05-26,77886.0,0.408,0.154,7695.0,0.2,22005.0,0.515,0.488,2.2,1.1
597,2021-05-27,76928.0,0.408,0.154,7695.0,0.2,22005.0,0.515,0.488,2.2,1.1
598,2021-05-28,77076.0,0.408,0.154,7695.0,0.2,22005.0,0.515,0.488,2.2,1.1
599,2021-05-31,75602.0,0.408,0.154,7695.0,0.2,22005.0,0.515,0.488,2.2,1.1
600,2021-06-01,76634.0,0.408,0.154,7695.0,0.2,22005.0,0.515,0.488,2.2,1.1
601,2021-06-02,76928.0,0.408,0.154,7695.0,0.2,22005.0,0.515,0.488,2.2,1.1
602,2021-06-03,77665.0,0.408,0.154,7695.0,0.2,22005.0,0.515,0.488,2.2,1.1
603,2021-06-04,77002.0,0.408,0.154,7695.0,0.2,22005.0,0.515,0.488,2.2,1.1
604,2021-06-07,78107.0,0.408,0.154,7695.0,0.2,22005.0,0.515,0.488,2.2,1.1
605,2021-06-08,77592.0,0.408,0.154,7695.0,0.2,22005.0,0.515,0.488,2.2,1.1
606,2021-06-09,78181.0,0.408,0.154,7695.0,0.2,22005.0,0.515,0.488,2.2,1.1
607,2021-06-10,76707.0,0.408,0.154,7695.0,0.2,22005.0,0.515,0.488,2.2,1.1
608,2021-06-11,78107.0,0.408,0.154,7695.0,0.2,22005.0,0.515,0.488,2.2,1.1
609,2021-06-14,80981.0,0.408,0.154,7695.0,0.2,22005.0,0.515,0.488,2.2,1.1
610,2021-06-15,82971.0,0.408,0.154,7695.0,0.2,22005.0,0.515,0.488,2.2,1.1
611,2021-06-16,81055.0,0.408,0.154,7695.0,0.2,22005.0,0.515,0.488,2.2,1.1
612,2021-06-17,80318.0,0.408,0.154,7695.0,0.2,22005.0,0.515,0.488,2.2,1.1
613,2021-06-18,82897.0,0.408,0.154,7695.0,0.2,22005.0,0.515,0.488,2.2,1.1
614,2021-06-21,82528.0,0.408,0.154,7695.0,0.2,22005.0,0.515,0.488,2.2,1.1
615,2021-06-22,82160.0,0.408,0.154,7695.0,0.2,22005.0,0.515,0.488,2.2,1.1
616,2021-06-23,82013.0,0.408,0.154,7695.0,0.2,22005.0,0.515,0.488,2.2,1.1
617,2021-06-24,82602.0,0.408,0.154,7695.0,0.2,22005.0,0.515,0.488,2.2,1.1
618,2021-06-25,82602.0,0.408,0.154,7695.0,0.2,22005.0,0.515,0.488,2.2,1.1
619,2021-06-28,85107.0,0.408,0.154,7695.0,0.2,22005.0,0.515,0.488,2.2,1.1
620,2021-06-29,87392.0,0.408,0.154,7695.0,0.2,22005.0,0.515,0.488,2.2,1.1
621,2021-06-30,86950.0,0.408,0.154,7695.0,0.2,22005.0,0.515,0.488,2.2,1.1
622,2021-07-01,86360.0,0.409,0.175,8868.0,0.2,26196.0,0.66,0.628,1.9,0.8
623,2021-07-02,86950.0,0.409,0.175,8868.0,0.2,26196.0,0.66,0.628,1.9,0.8
624,2021-07-05,87318.0,0.409,0.175,8868.0,0.2,26196.0,0.66,0.628,1.9,0.8
625,2021-07-06,81276.0,0.409,0.175,8868.0,0.2,26196.0,0.66,0.628,1.9,0.8
626,2021-07-07,86213.0,0.409,0.175,8868.0,0.2,26196.0,0.66,0.628,1.9,0.8
627,2021-07-08,84739.0,0.409,0.175,8868.0,0.2,26196.0,0.66,0.628,1.9,0.8
628,2021-07-09,82897.0,0.409,0.175,8868.0,0.2,26196.0,0.66,0.628,1.9,0.8
629,2021-07-12,79581.0,0.409,0.175,8868.0,0.2,26196.0,0.66,0.628,1.9,0.8
630,2021-07-13,80686.0,0.409,0.175,8868.0,0.2,26196.0,0.66,0.628,1.9,0.8
631,2021-07-14,80686.0,0.409,0.175,8868.0,0.2,26196.0,0.66,0.628,1.9,0.8
632,2021-07-15,81276.0,0.409,0.175,8868.0,0.2,26196.0,0.66,0.628,1.9,0.8
633,2021-07-16,80318.0,0.409,0.175,8868.0,0.2,26196.0,0.66,0.628,1.9,0.8
634,2021-07-19,76855.0,0.409,0.175,8868.0,0.2,26196.0,0.66,0.628,1.9,0.8
635,2021-07-20,78549.0,0.409,0.175,8868.0,0.2,26196.0,0.66,0.628,1.9,0.8
636,2021-07-21,79581.0,0.409,0.175,8868.0,0.2,26196.0,0.66,0.628,1.9,0.8
637,2021-07-22,81792.0,0.409,0.175,8868.0,0.2,26196.0,0.66,0.628,1.9,0.8
638,2021-07-23,79286.0,0.409,0.175,8868.0,0.2,26196.0,0.66,0.628,1.9,0.8
639,2021-07-26,80760.0,0.409,0.175,8868.0,0.2,26196.0,0.66,0.628,1.9,0.8
640,2021-07-27,79434.0,0.409,0.175,8868.0,0.2,26196.0,0.66,0.628,1.9,0.8
641,2021-07-28,78476.0,0.409,0.175,8868.0,0.2,26196.0,0.66,0.628,1.9,0.8
642,2021-07-29,79507.0,0.409,0.175,8868.0,0.2,26196.0,0.66,0.628,1.9,0.8
643,2021-07-30,79802.0,0.409,0.175,8868.0,0.2,26196.0,0.66,0.628,1.9,0.8
644,2021-08-02,79655.0,0.409,0.175,8868.0,0.2,26196.0,0.66,0.628,1.9,0.8
645,2021-08-03,81718.0,0.409,0.175,8868.0,0.2,26196.0,0.66,0.628,1.9,0.8
646,2021-08-04,81423.0,0.409,0.175,8868.0,0.2,26196.0,0.66,0.628,1.9,0.8
647,2021-08-05,82307.0,0.409,0.175,8868.0,0.2,26196.0,0.66,0.628,1.9,0.8
648,2021-08-06,83929.0,0.409,0.175,8868.0,0.2,26196.0,0.66,0.628,1.9,0.8
649,2021-08-09,86508.0,0.409,0.175,8868.0,0.2,26196.0,0.66,0.628,1.9,0.8
650,2021-08-10,86213.0,0.409,0.175,8868.0,0.2,26196.0,0.66,0.628,1.9,0.8
651,2021-08-11,85476.0,0.409,0.175,8868.0,0.2,26196.0,0.66,0.628,1.9,0.8
652,2021-08-12,86213.0,0.409,0.175,8868.0,0.2,26196.0,0.66,0.628,1.9,0.8
653,2021-08-13,88423.0,0.409,0.175,8868.0,0.2,26196.0,0.66,0.628,1.9,0.8
654,2021-08-16,85476.0,0.409,0.175,8868.0,0.2,26196.0,0.66,0.628,1.9,0.8
655,2021-08-17,81792.0,0.409,0.175,8868.0,0.2,26196.0,0.66,0.628,1.9,0.8
656,2021-08-18,81055.0,0.409,0.175,8868.0,0.2,26196.0,0.66,0.628,1.9,0.8
657,2021-08-19,81792.0,0.409,0.175,8868.0,0.2,26196.0,0.66,0.628,1.9,0.8
658,2021-08-20,79655.0,0.409,0.175,8868.0,0.2,26196.0,0.66,0.628,1.9,0.8
659,2021-08-23,78992.0,0.409,0.175,8868.0,0.2,26196.0,0.66,0.628,1.9,0.8
660,2021-08-24,79065.0,0.409,0.175,8868.0,0.2,26196.0,0.66,0.628,1.9,0.8
661,2021-08-25,78844.0,0.409,0.175,8868.0,0.2,26196.0,0.66,0.628,1.9,0.8
662,2021-08-26,78549.0,0.409,0.175,8868.0,0.2,26196.0,0.66,0.628,1.9,0.8
663,2021-08-27,78770.0,0.409,0.175,8868.0,0.2,26196.0,0.66,0.628,1.9,0.8
664,2021-08-30,78770.0,0.409,0.175,8868.0,0.2,26196.0,0.66,0.628,1.9,0.8
665,2021-08-31,78402.0,0.409,0.175,8868.0,0.2,26196.0,0.66,0.628,1.9,0.8
666,2021-09-01,78844.0,0.409,0.175,8868.0,0.2,26196.0,0.66,0.628,1.9,0.8
667,2021-09-06,79876.0,0.409,0.175,8868.0,0.2,26196.0,0.66,0.628,1.9,0.8
668,2021-09-07,80760.0,0.409,0.175,8868.0,0.2,26196.0,0.66,0.628,1.9,0.8
669,2021-09-08,79507.0,0.409,0.175,8868.0,0.2,26196.0,0.66,0.628,1.9,0.8
670,2021-09-09,79360.0,0.409,0.175,8868.0,0.2,26196.0,0.66,0.628,1.9,0.8
671,2021-09-10,79213.0,0.409,0.175,8868.0,0.2,26196.0,0.66,0.628,1.9,0.8
672,2021-09-13,78844.0,0.409,0.175,8868.0,0.2,26196.0,0.66,0.628,1.9,0.8
673,2021-09-14,78844.0,0.409,0.175,8868.0,0.2,26196.0,0.66,0.628,1.9,0.8
674,2021-09-15,79574.0,0.409,0.175,8868.0,0.2,26196.0,0.66,0.628,1.9,0.8
675,2021-09-16,77825.0,0.409,0.175,8868.0,0.2,26196.0,0.66,0.628,1.9,0.8
676,2021-09-17,78894.0,0.409,0.175,8868.0,0.2,26196.0,0.66,0.628,1.9,0.8
677,2021-09-20,77631.0,0.409,0.175,8868.0,0.2,26196.0,0.66,0.628,1.9,0.8
678,2021-09-21,75299.0,0.409,0.175,8868.0,0.2,26196.0,0.66,0.628,1.9,0.8
679,2021-09-22,75785.0,0.409,0.175,8868.0,0.2,26196.0,0.66,0.628,1.9,0.8
680,2021-09-23,77048.0,0.409,0.175,8868.0,0.2,26196.0,0.66,0.628,1.9,0.8
681,2021-09-24,77339.0,0.409,0.175,8868.0,0.2,26196.0,0.66,0.628,1.9,0.8
682,2021-09-27,75979.0,0.409,0.175,8868.0,0.2,26196.0,0.66,0.628,1.9,0.8
683,2021-09-28,76271.0,0.409,0.175,8868.0,0.2,26196.0,0.66,0.628,1.9,0.8
684,2021-09-29,75979.0,0.409,0.175,8868.0,0.2,26196.0,0.66,0.628,1.9,0.8
685,2021-09-30,76076.0,0.409,0.175,8868.0,0.2,26196.0,0.66,0.628,1.9,0.8
686,2021-10-01,74813.0,0.364,0.175,8967.0,0.2,29483.0,0.602,0.476,1.8,0.7
687,2021-10-04,75785.0,0.364,0.175,8967.0,0.2,29483.0,0.602,0.476,1.8,0.7
688,2021-10-05,77145.0,0.364,0.175,8967.0,0.2,29483.0,0.602,0.476,1.8,0.7
689,2021-10-06,78214.0,0.364,0.175,8967.0,0.2,29483.0,0.602,0.476,1.8,0.7
690,2021-10-07,77728.0,0.364,0.175,8967.0,0.2,29483.0,0.602,0.476,1.8,0.7
691,2021-10-08,77631.0,0.364,0.175,8967.0,0.2,29483.0,0.602,0.476,1.8,0.7
692,2021-10-11,78700.0,0.364,0.175,8967.0,0.2,29483.0,0.602,0.476,1.8,0.7
693,2021-10-12,78602.0,0.364,0.175,8967.0,0.2,29483.0,0.602,0.476,1.8,0.7
694,2021-10-13,77728.0,0.364,0.175,8967.0,0.2,29483.0,0.602,0.476,1.8,0.7
695,2021-10-14,76659.0,0.364,0.175,8967.0,0.2,29483.0,0.602,0.476,1.8,0.7
696,2021-10-15,76465.0,0.364,0.175,8967.0,0.2,29483.0,0.602,0.476,1.8,0.7
697,2021-10-18,76659.0,0.364,0.175,8967.0,0.2,29483.0,0.602,0.476,1.8,0.7
698,2021-10-19,77145.0,0.364,0.175,8967.0,0.2,29483.0,0.602,0.476,1.8,0.7
699,2021-10-20,76562.0,0.364,0.175,8967.0,0.2,29483.0,0.602,0.476,1.8,0.7
700,2021-10-21,75688.0,0.364,0.175,8967.0,0.2,29483.0,0.602,0.476,1.8,0.7
701,2021-10-22,75785.0,0.364,0.175,8967.0,0.2,29483.0,0.602,0.476,1.8,0.7
702,2021-10-25,76271.0,0.364,0.175,8967.0,0.2,29483.0,0.602,0.476,1.8,0.7
703,2021-10-26,76465.0,0.364,0.175,8967.0,0.2,29483.0,0.602,0.476,1.8,0.7
704,2021-10-27,78700.0,0.364,0.175,8967.0,0.2,29483.0,0.602,0.476,1.8,0.7
705,2021-10-28,78700.0,0.364,0.175,8967.0,0.2,29483.0,0.602,0.476,1.8,0.7
706,2021-10-29,83072.0,0.364,0.175,8967.0,0.2,29483.0,0.602,0.476,1.8,0.7
707,2021-11-01,81906.0,0.364,0.175,8967.0,0.2,29483.0,0.602,0.476,1.8,0.7
708,2021-11-02,82586.0,0.364,0.175,8967.0,0.2,29483.0,0.602,0.476,1.8,0.7
709,2021-11-03,80546.0,0.364,0.175,8967.0,0.2,29483.0,0.602,0.476,1.8,0.7
710,2021-11-04,80351.0,0.364,0.175,8967.0,0.2,29483.0,0.602,0.476,1.8,0.7
711,2021-11-05,79671.0,0.364,0.175,8967.0,0.2,29483.0,0.602,0.476,1.8,0.7
712,2021-11-08,80060.0,0.364,0.175,8967.0,0.2,29483.0,0.602,0.476,1.8,0.7
713,2021-11-09,80643.0,0.364,0.175,8967.0,0.2,29483.0,0.602,0.476,1.8,0.7
714,2021-11-10,80254.0,0.364,0.175,8967.0,0.2,29483.0,0.602,0.476,1.8,0.7
715,2021-11-11,79185.0,0.364,0.175,8967.0,0.2,29483.0,0.602,0.476,1.8,0.7
716,2021-11-12,79671.0,0.364,0.175,8967.0,0.2,29483.0,0.602,0.476,1.8,0.7
717,2021-11-15,81614.0,0.364,0.175,8967.0,0.2,29483.0,0.602,0.476,1.8,0.7
718,2021-11-16,80643.0,0.364,0.175,8967.0,0.2,29483.0,0.602,0.476,1.8,0.7
719,2021-11-17,81129.0,0.364,0.175,8967.0,0.2,29483.0,0.602,0.476,1.8,0.7
720,2021-11-18,80448.0,0.364,0.175,8967.0,0.2,29483.0,0.602,0.476,1.8,0.7
721,2021-11-19,78214.0,0.364,0.175,8967.0,0.2,29483.0,0.602,0.476,1.8,0.7
722,2021-11-22,78700.0,0.364,0.175,8967.0,0.2,29483.0,0.602,0.476,1.8,0.7
723,2021-11-23,80157.0,0.364,0.175,8967.0,0.2,29483.0,0.602,0.476,1.8,0.7
724,2021-11-24,81323.0,0.364,0.175,8967.0,0.2,29483.0,0.602,0.476,1.8,0.7
725,2021-11-25,81517.0,0.364,0.175,8967.0,0.2,29483.0,0.602,0.476,1.8,0.7
726,2021-11-26,80934.0,0.364,0.175,8967.0,0.2,29483.0,0.602,0.476,1.8,0.7
727,2021-11-29,82392.0,0.364,0.175,8967.0,0.2,29483.0,0.602,0.476,1.8,0.7
728,2021-11-30,82197.0,0.364,0.175,8967.0,0.2,29483.0,0.602,0.476,1.8,0.7
729,2021-12-01,80546.0,0.364,0.175,8967.0,0.2,29483.0,0.602,0.476,1.8,0.7
730,2021-12-02,79963.0,0.364,0.175,8967.0,0.2,29483.0,0.602,0.476,1.8,0.7
731,2021-12-03,77922.0,0.364,0.175,8967.0,0.2,29483.0,0.602,0.476,1.8,0.7
732,2021-12-06,77437.0,0.364,0.175,8967.0,0.2,29483.0,0.602,0.476,1.8,0.7
733,2021-12-07,79283.0,0.364,0.175,8967.0,0.2,29483.0,0.602,0.476,1.8,0.7
734,2021-12-08,78700.0,0.364,0.175,8967.0,0.2,29483.0,0.602,0.476,1.8,0.7
735,2021-12-09,79283.0,0.364,0.175,8967.0,0.2,29483.0,0.602,0.476,1.8,0.7
736,2021-12-10,78602.0,0.364,0.175,8967.0,0.2,29483.0,0.602,0.476,1.8,0.7
737,2021-12-13,79768.0,0.364,0.175,8967.0,0.2,29483.0,0.602,0.476,1.8,0.7
738,2021-12-14,79768.0,0.364,0.175,8967.0,0.2,29483.0,0.602,0.476,1.8,0.7
739,2021-12-15,80254.0,0.364,0.175,8967.0,0.2,29483.0,0.602,0.476,1.8,0.7
740,2021-12-16,79963.0,0.364,0.175,8967.0,0.2,29483.0,0.602,0.476,1.8,0.7
741,2021-12-17,82100.0,0.364,0.175,8967.0,0.2,29483.0,0.602,0.476,1.8,0.7
742,2021-12-20,81129.0,0.364,0.175,8967.0,0.2,29483.0,0.602,0.476,1.8,0.7
743,2021-12-21,83558.0,0.364,0.175,8967.0,0.2,29483.0,0.602,0.476,1.8,0.7
744,2021-12-22,83266.0,0.364,0.175,8967.0,0.2,29483.0,0.602,0.476,1.8,0.7
745,2021-12-23,80157.0,0.364,0.175,8967.0,0.2,29483.0,0.602,0.476,1.8,0.7
746,2021-12-24,80546.0,0.364,0.175,8967.0,0.2,29483.0,0.602,0.476,1.8,0.7
747,2021-12-27,80448.0,0.364,0.175,8967.0,0.2,29483.0,0.602,0.476,1.8,0.7
748,2021-12-28,80448.0,0.364,0.175,8967.0,0.2,29483.0,0.602,0.476,1.8,0.7
749,2021-12-29,79380.0,0.364,0.175,8967.0,0.2,29483.0,0.602,0.476,1.8,0.7
750,2021-12-30,79283.0,0.364,0.175,8967.0,0.2,29483.0,0.602,0.476,1.8,0.7
751,2021-12-31,79671.0,0.364,0.175,8967.0,0.2,29483.0,0.602,0.476,1.8,0.7
752,2022-01-04,82683.0,0.347,0.173,8770.0,0.2,29676.0,0.433,0.276,1.8,0.7
753,2022-01-05,81614.0,0.347,0.173,8770.0,0.2,29676.0,0.433,0.276,1.8,0.7
754,2022-01-06,82877.0,0.347,0.173,8770.0,0.2,29676.0,0.433,0.276,1.8,0.7
755,2022-01-07,82975.0,0.347,0.173,8770.0,0.2,29676.0,0.433,0.276,1.8,0.7
756,2022-01-10,82975.0,0.347,0.173,8770.0,0.2,29676.0,0.433,0.276,1.8,0.7
757,2022-01-11,81226.0,0.347,0.173,8770.0,0.2,29676.0,0.433,0.276,1.8,0.7
758,2022-01-12,81226.0,0.347,0.173,8770.0,0.2,29676.0,0.433,0.276,1.8,0.7
759,2022-01-13,79866.0,0.347,0.173,8770.0,0.2,29676.0,0.433,0.276,1.8,0.7
760,2022-01-14,79866.0,0.347,0.173,8770.0,0.2,29676.0,0.433,0.276,1.8,0.7
761,2022-01-17,76854.0,0.347,0.173,8770.0,0.2,29676.0,0.433,0.276,1.8,0.7
762,2022-01-18,74813.0,0.347,0.173,8770.0,0.2,29676.0,0.433,0.276,1.8,0.7
763,2022-01-19,75396.0,0.347,0.173,8770.0,0.2,29676.0,0.433,0.276,1.8,0.7
764,2022-01-20,76368.0,0.347,0.173,8770.0,0.2,29676.0,0.433,0.276,1.8,0.7
765,2022-01-21,77145.0,0.347,0.173,8770.0,0.2,29676.0,0.433,0.276,1.8,0.7
766,2022-01-24,74036.0,0.347,0.173,8770.0,0.2,29676.0,0.433,0.276,1.8,0.7
767,2022-01-25,78700.0,0.347,0.173,8770.0,0.2,29676.0,0.433,0.276,1.8,0.7
768,2022-01-26,78894.0,0.347,0.173,8770.0,0.2,29676.0,0.433,0.276,1.8,0.7
769,2022-01-27,78700.0,0.347,0.173,8770.0,0.2,29676.0,0.433,0.276,1.8,0.7
770,2022-01-28,78019.0,0.347,0.173,8770.0,0.2,29676.0,0.433,0.276,1.8,0.7
771,2022-02-07,79866.0,0.347,0.173,8770.0,0.2,29676.0,0.433,0.276,1.8,0.7
772,2022-02-08,78894.0,0.347,0.173,8770.0,0.2,29676.0,0.433,0.276,1.8,0.7
773,2022-02-09,79185.0,0.347,0.173,8770.0,0.2,29676.0,0.433,0.276,1.8,0.7
774,2022-02-10,77825.0,0.347,0.173,8770.0,0.2,29676.0,0.433,0.276,1.8,0.7
775,2022-02-11,77437.0,0.347,0.173,8770.0,0.2,29676.0,0.433,0.276,1.8,0.7
776,2022-02-14,75882.0,0.347,0.173,8770.0,0.2,29676.0,0.433,0.276,1.8,0.7
777,2022-02-15,77728.0,0.347,0.173,8770.0,0.2,29676.0,0.433,0.276,1.8,0.7
778,2022-02-16,77728.0,0.347,0.173,8770.0,0.2,29676.0,0.433,0.276,1.8,0.7
779,2022-02-17,78505.0,0.347,0.173,8770.0,0.2,29676.0,0.433,0.276,1.8,0.7
780,2022-02-18,77437.0,0.347,0.173,8770.0,0.2,29676.0,0.433,0.276,1.8,0.7
781,2022-02-21,77728.0,0.347,0.173,8770.0,0.2,29676.0,0.433,0.276,1.8,0.7
782,2022-02-22,77048.0,0.347,0.173,8770.0,0.2,29676.0,0.433,0.276,1.8,0.7
783,2022-02-23,77145.0,0.347,0.173,8770.0,0.2,29676.0,0.433,0.276,1.8,0.7
784,2022-02-24,76368.0,0.347,0.173,8770.0,0.2,29676.0,0.433,0.276,1.8,0.7
785,2022-02-25,76076.0,0.347,0.173,8770.0,0.2,29676.0,0.433,0.276,1.8,0.7
786,2022-02-28,75299.0,0.347,0.173,8770.0,0.2,29676.0,0.433,0.276,1.8,0.7
787,2022-03-01,75785.0,0.347,0.173,8770.0,0.2,29676.0,0.433,0.276,1.8,0.7
788,2022-03-02,75299.0,0.347,0.173,8770.0,0.2,29676.0,0.433,0.276,1.8,0.7
789,2022-03-03,75785.0,0.347,0.173,8770.0,0.2,29676.0,0.433,0.276,1.8,0.7
790,2022-03-04,75688.0,0.347,0.173,8770.0,0.2,29676.0,0.433,0.276,1.8,0.7
791,2022-03-07,74036.0,0.347,0.173,8770.0,0.2,29676.0,0.433,0.276,1.8,0.7
792,2022-03-08,72481.0,0.347,0.173,8770.0,0.2,29676.0,0.433,0.276,1.8,0.7
793,2022-03-09,71898.0,0.347,0.173,8770.0,0.2,29676.0,0.433,0.276,1.8,0.7
794,2022-03-10,73064.0,0.347,0.173,8770.0,0.2,29676.0,0.433,0.276,1.8,0.7
795,2022-03-11,72870.0,0.347,0.173,8770.0,0.2,29676.0,0.433,0.276,1.8,0.7
796,2022-03-14,72384.0,0.347,0.173,8770.0,0.2,29676.0,0.433,0.276,1.8,0.7
797,2022-03-15,72384.0,0.347,0.173,8770.0,0.2,29676.0,0.433,0.276,1.8,0.7
798,2022-03-16,72093.0,0.347,0.173,8770.0,0.2,29676.0,0.433,0.276,1.8,0.7
799,2022-03-17,71898.0,0.347,0.173,8770.0,0.2,29676.0,0.433,0.276,1.8,0.7
800,2022-03-18,72481.0,0.347,0.173,8770.0,0.2,29676.0,0.433,0.276,1.8,0.7
801,2022-03-21,75299.0,0.347,0.173,8770.0,0.2,29676.0,0.433,0.276,1.8,0.7
802,2022-03-22,75785.0,0.347,0.173,8770.0,0.2,29676.0,0.433,0.276,1.8,0.7
803,2022-03-23,75008.0,0.347,0.173,8770.0,0.2,29676.0,0.433,0.276,1.8,0.7
804,2022-03-24,73550.0,0.347,0.173,8770.0,0.2,29676.0,0.433,0.276,1.8,0.7
805,2022-03-25,73744.0,0.347,0.173,8770.0,0.2,29676.0,0.433,0.276,1.8,0.7
806,2022-03-28,72773.0,0.347,0.173,8770.0,0.2,29676.0,0.433,0.276,1.8,0.7
807,2022-03-29,74327.0,0.347,0.173,8770.0,0.2,29676.0,0.433,0.276,1.8,0.7
808,2022-03-30,73647.0,0.347,0.173,8770.0,0.2,29676.0,0.433,0.276,1.8,0.7
809,2022-03-31,73647.0,0.347,0.173,8770.0,0.2,29676.0,0.433,0.276,1.8,0.7
810,2022-04-01,74036.0,0.261,0.107,6500.0,0.2,27808.0,0.452,0.277,2.6,1.5
811,2022-04-04,74133.0,0.261,0.107,6500.0,0.2,27808.0,0.452,0.277,2.6,1.5
812,2022-04-05,74230.0,0.261,0.107,6500.0,0.2,27808.0,0.452,0.277,2.6,1.5
813,2022-04-06,74133.0,0.261,0.107,6500.0,0.2,27808.0,0.452,0.277,2.6,1.5
814,2022-04-07,72870.0,0.261,0.107,6500.0,0.2,27808.0,0.452,0.277,2.6,1.5
815,2022-04-08,72967.0,0.261,0.107,6500.0,0.2,27808.0,0.452,0.277,2.6,1.5
816,2022-04-12,70927.0,0.261,0.107,6500.0,0.2,27808.0,0.452,0.277,2.6,1.5
817,2022-04-13,71024.0,0.261,0.107,6500.0,0.2,27808.0,0.452,0.277,2.6,1.5
818,2022-04-14,70247.0,0.261,0.107,6500.0,0.2,27808.0,0.452,0.277,2.6,1.5
819,2022-04-15,69081.0,0.261,0.107,6500.0,0.2,27808.0,0.452,0.277,2.6,1.5
820,2022-04-18,67818.0,0.261,0.107,6500.0,0.2,27808.0,0.452,0.277,2.6,1.5
821,2022-04-19,66943.0,0.261,0.107,6500.0,0.2,27808.0,0.452,0.277,2.6,1.5
822,2022-04-20,64903.0,0.261,0.107,6500.0,0.2,27808.0,0.452,0.277,2.6,1.5
823,2022-04-21,62182.0,0.261,0.107,6500.0,0.2,27808.0,0.452,0.277,2.6,1.5
824,2022-04-22,62863.0,0.261,0.107,6500.0,0.2,27808.0,0.452,0.277,2.6,1.5
825,2022-04-25,61211.0,0.261,0.107,6500.0,0.2,27808.0,0.452,0.277,2.6,1.5
826,2022-04-26,63154.0,0.261,0.107,6500.0,0.2,27808.0,0.452,0.277,2.6,1.5
827,2022-04-27,63154.0,0.261,0.107,6500.0,0.2,27808.0,0.452,0.277,2.6,1.5
828,2022-04-28,62668.0,0.261,0.107,6500.0,0.2,27808.0,0.452,0.277,2.6,1.5
829,2022-04-29,63154.0,0.261,0.107,6500.0,0.2,27808.0,0.452,0.277,2.6,1.5
830,2022-05-04,62668.0,0.261,0.107,6500.0,0.2,27808.0,0.452,0.277,2.6,1.5
831,2022-05-05,66846.0,0.261,0.107,6500.0,0.2,27808.0,0.452,0.277,2.6,1.5
832,2022-05-06,66749.0,0.261,0.107,6500.0,0.2,27808.0,0.452,0.277,2.6,1.5
833,2022-05-09,66069.0,0.261,0.107,6500.0,0.2,27808.0,0.452,0.277,2.6,1.5
834,2022-05-10,67915.0,0.261,0.107,6500.0,0.2,27808.0,0.452,0.277,2.6,1.5
835,2022-05-11,68498.0,0.261,0.107,6500.0,0.2,27808.0,0.452,0.277,2.6,1.5
836,2022-05-12,66943.0,0.261,0.107,6500.0,0.2,27808.0,0.452,0.277,2.6,1.5
837,2022-05-13,66069.0,0.261,0.107,6500.0,0.2,27808.0,0.452,0.277,2.6,1.5
838,2022-05-16,63931.0,0.261,0.107,6500.0,0.2,27808.0,0.452,0.277,2.6,1.5
839,2022-05-17,65000.0,0.261,0.107,6500.0,0.2,27808.0,0.452,0.277,2.6,1.5
840,2022-05-18,65000.0,0.261,0.107,6500.0,0.2,27808.0,0.452,0.277,2.6,1.5
841,2022-05-19,65097.0,0.261,0.107,6500.0,0.2,27808.0,0.452,0.277,2.6,1.5
842,2022-05-20,64903.0,0.261,0.107,6500.0,0.2,27808.0,0.452,0.277,2.6,1.5
843,2022-05-23,64806.0,0.261,0.107,6500.0,0.2,27808.0,0.452,0.277,2.6,1.5
844,2022-05-24,65000.0,0.261,0.107,6500.0,0.2,27808.0,0.452,0.277,2.6,1.5
845,2022-05-25,65972.0,0.261,0.107,6500.0,0.2,27808.0,0.452,0.277,2.6,1.5
846,2022-05-26,66749.0,0.261,0.107,6500.0,0.2,27808.0,0.452,0.277,2.6,1.5
847,2022-05-27,67721.0,0.261,0.107,6500.0,0.2,27808.0,0.452,0.277,2.6,1.5
848,2022-05-30,68498.0,0.261,0.107,6500.0,0.2,27808.0,0.452,0.277,2.6,1.5
849,2022-05-31,69600.0,0.261,0.107,6500.0,0.2,27808.0,0.452,0.277,2.6,1.5
850,2022-06-01,70300.0,0.261,0.107,6500.0,0.2,27808.0,0.452,0.277,2.6,1.5
851,2022-06-02,69500.0,0.261,0.107,6500.0,0.2,27808.0,0.452,0.277,2.6,1.5
852,2022-06-03,69400.0,0.261,0.107,6500.0,0.2,27808.0,0.452,0.277,2.6,1.5
853,2022-06-06,69300.0,0.261,0.107,6500.0,0.2,27808.0,0.452,0.277,2.6,1.5
854,2022-06-07,68500.0,0.261,0.107,6500.0,0.2,27808.0,0.452,0.277,2.6,1.5
855,2022-06-08,68500.0,0.261,0.107,6500.0,0.2,27808.0,0.452,0.277,2.6,1.5
856,2022-06-09,68300.0,0.261,0.107,6500.0,0.2,27808.0,0.452,0.277,2.6,1.5
857,2022-06-10,68300.0,0.261,0.107,6500.0,0.2,27808.0,0.452,0.277,2.6,1.5
858,2022-06-13,66000.0,0.261,0.107,6500.0,0.2,27808.0,0.452,0.277,2.6,1.5
859,2022-06-14,66000.0,0.261,0.107,6500.0,0.2,27808.0,0.452,0.277,2.6,1.5
860,2022-06-15,65900.0,0.261,0.107,6500.0,0.2,27808.0,0.452,0.277,2.6,1.5
861,2022-06-16,66000.0,0.261,0.107,6500.0,0.2,27808.0,0.452,0.277,2.6,1.5
862,2022-06-17,66000.0,0.261,0.107,6500.0,0.2,27808.0,0.452,0.277,2.6,1.5
863,2022-06-20,65000.0,0.261,0.107,6500.0,0.2,27808.0,0.452,0.277,2.6,1.5
864,2022-06-21,65000.0,0.261,0.107,6500.0,0.2,27808.0,0.452,0.277,2.6,1.5
865,2022-06-22,64800.0,0.261,0.107,6500.0,0.2,27808.0,0.452,0.277,2.6,1.5
866,2022-06-23,63200.0,0.261,0.107,6500.0,0.2,27808.0,0.452,0.277,2.6,1.5
867,2022-06-24,63200.0,0.261,0.107,6500.0,0.2,27808.0,0.452,0.277,2.6,1.5
868,2022-06-27,63500.0,0.261,0.107,6500.0,0.2,27808.0,0.452,0.277,2.6,1.5
869,2022-06-28,63800.0,0.261,0.107,6500.0,0.2,27808.0,0.452,0.277,2.6,1.5
870,2022-06-29,63300.0,0.261,0.107,6500.0,0.2,27808.0,0.452,0.277,2.6,1.5
871,2022-06-30,62100.0,0.261,0.107,6500.0,0.2,27808.0,0.452,0.277,2.6,1.5
872,2022-07-01,61400.0,0.253,0.113,7264.0,0.3,31167.0,0.522,0.45,2.5,1.4
873,2022-07-04,61000.0,0.253,0.113,7264.0,0.3,31167.0,0.522,0.45,2.5,1.4
874,2022-07-05,60500.0,0.253,0.113,7264.0,0.3,31167.0,0.522,0.45,2.5,1.4
875,2022-07-06,59100.0,0.253,0.113,7264.0,0.3,31167.0,0.522,0.45,2.5,1.4
876,2022-07-07,61000.0,0.253,0.113,7264.0,0.3,31167.0,0.522,0.45,2.5,1.4
877,2022-07-08,61000.0,0.253,0.113,7264.0,0.3,31167.0,0.522,0.45,2.5,1.4
878,2022-07-11,60500.0,0.253,0.113,7264.0,0.3,31167.0,0.522,0.45,2.5,1.4
879,2022-07-12,60200.0,0.253,0.113,7264.0,0.3,31167.0,0.522,0.45,2.5,1.4
880,2022-07-13,60100.0,0.253,0.113,7264.0,0.3,31167.0,0.522,0.45,2.5,1.4
881,2022-07-14,60100.0,0.253,0.113,7264.0,0.3,31167.0,0.522,0.45,2.5,1.4
882,2022-07-15,60000.0,0.253,0.113,7264.0,0.3,31167.0,0.522,0.45,2.5,1.4
883,2022-07-18,59000.0,0.253,0.113,7264.0,0.3,31167.0,0.522,0.45,2.5,1.4
884,2022-07-19,58800.0,0.253,0.113,7264.0,0.3,31167.0,0.522,0.45,2.5,1.4
885,2022-07-20,59700.0,0.253,0.113,7264.0,0.3,31167.0,0.522,0.45,2.5,1.4
886,2022-07-21,58900.0,0.253,0.113,7264.0,0.3,31167.0,0.522,0.45,2.5,1.4
887,2022-07-22,58700.0,0.253,0.113,7264.0,0.3,31167.0,0.522,0.45,2.5,1.4
888,2022-07-25,58900.0,0.253,0.113,7264.0,0.3,31167.0,0.522,0.45,2.5,1.4
889,2022-07-26,58700.0,0.253,0.113,7264.0,0.3,31167.0,0.522,0.45,2.5,1.4
890,2022-07-27,58600.0,0.253,0.113,7264.0,0.3,31167.0,0.522,0.45,2.5,1.4
891,2022-07-28,58800.0,0.253,0.113,7264.0,0.3,31167.0,0.522,0.45,2.5,1.4
892,2022-07-29,59900.0,0.253,0.113,7264.0,0.3,31167.0,0.522,0.45,2.5,1.4
893,2022-08-01,60000.0,0.253,0.113,7264.0,0.3,31167.0,0.522,0.45,2.5,1.4
894,2022-08-02,62500.0,0.253,0.113,7264.0,0.3,31167.0,0.522,0.45,2.5,1.4
895,2022-08-03,61900.0,0.253,0.113,7264.0,0.3,31167.0,0.522,0.45,2.5,1.4
896,2022-08-04,63000.0,0.253,0.113,7264.0,0.3,31167.0,0.522,0.45,2.5,1.4
897,2022-08-05,61800.0,0.253,0.113,7264.0,0.3,31167.0,0.522,0.45,2.5,1.4
898,2022-08-08,61500.0,0.253,0.113,7264.0,0.3,31167.0,0.522,0.45,2.5,1.4
899,2022-08-09,60900.0,0.253,0.113,7264.0,0.3,31167.0,0.522,0.45,2.5,1.4
900,2022-08-10,61300.0,0.253,0.113,7264.0,0.3,31167.0,0.522,0.45,2.5,1.4
901,2022-08-11,61400.0,0.253,0.113,7264.0,0.3,31167.0,0.522,0.45,2.5,1.4
902,2022-08-12,61200.0,0.253,0.113,7264.0,0.3,31167.0,0.522,0.45,2.5,1.4
903,2022-08-15,61500.0,0.253,0.113,7264.0,0.3,31167.0,0.522,0.45,2.5,1.4
904,2022-08-16,61300.0,0.253,0.113,7264.0,0.3,31167.0,0.522,0.45,2.5,1.4
905,2022-08-17,61300.0,0.253,0.113,7264.0,0.3,31167.0,0.522,0.45,2.5,1.4
906,2022-08-18,61100.0,0.253,0.113,7264.0,0.3,31167.0,0.522,0.45,2.5,1.4
907,2022-08-19,60100.0,0.253,0.113,7264.0,0.3,31167.0,0.522,0.45,2.5,1.4
908,2022-08-22,59400.0,0.253,0.113,7264.0,0.3,31167.0,0.522,0.45,2.5,1.4
909,2022-08-23,59500.0,0.253,0.113,7264.0,0.3,31167.0,0.522,0.45,2.5,1.4
910,2022-08-24,59700.0,0.253,0.113,7264.0,0.3,31167.0,0.522,0.45,2.5,1.4
911,2022-08-25,61000.0,0.253,0.113,7264.0,0.3,31167.0,0.522,0.45,2.5,1.4
912,2022-08-26,60300.0,0.253,0.113,7264.0,0.3,31167.0,0.522,0.45,2.5,1.4
913,2022-08-29,59700.0,0.253,0.113,7264.0,0.3,31167.0,0.522,0.45,2.5,1.4
914,2022-08-30,59900.0,0.253,0.113,7264.0,0.3,31167.0,0.522,0.45,2.5,1.4
915,2022-08-31,61000.0,0.253,0.113,7264.0,0.3,31167.0,0.522,0.45,2.5,1.4
916,2022-09-05,61000.0,0.253,0.113,7264.0,0.3,31167.0,0.522,0.45,2.5,1.4
917,2022-09-06,61100.0,0.253,0.113,7264.0,0.3,31167.0,0.522,0.45,2.5,1.4
918,2022-09-07,59500.0,0.253,0.113,7264.0,0.3,31167.0,0.522,0.45,2.5,1.4
919,2022-09-08,59600.0,0.253,0.113,7264.0,0.3,31167.0,0.522,0.45,2.5,1.4
920,2022-09-09,59900.0,0.253,0.113,7264.0,0.3,31167.0,0.522,0.45,2.5,1.4
921,2022-09-12,61400.0,0.253,0.113,7264.0,0.3,31167.0,0.522,0.45,2.5,1.4
922,2022-09-13,60700.0,0.253,0.113,7264.0,0.3,31167.0,0.522,0.45,2.5,1.4
923,2022-09-14,60000.0,0.253,0.113,7264.0,0.3,31167.0,0.522,0.45,2.5,1.4
924,2022-09-15,60500.0,0.253,0.113,7264.0,0.3,31167.0,0.522,0.45,2.5,1.4
925,2022-09-16,59600.0,0.253,0.113,7264.0,0.3,31167.0,0.522,0.45,2.5,1.4
926,2022-09-19,58400.0,0.253,0.113,7264.0,0.3,31167.0,0.522,0.45,2.5,1.4
927,2022-09-20,58900.0,0.253,0.113,7264.0,0.3,31167.0,0.522,0.45,2.5,1.4
928,2022-09-21,58300.0,0.253,0.113,7264.0,0.3,31167.0,0.522,0.45,2.5,1.4
929,2022-09-22,57700.0,0.253,0.113,7264.0,0.3,31167.0,0.522,0.45,2.5,1.4
930,2022-09-23,57200.0,0.253,0.113,7264.0,0.3,31167.0,0.522,0.45,2.5,1.4
931,2022-09-26,55900.0,0.253,0.113,7264.0,0.3,31167.0,0.522,0.45,2.5,1.4
932,2022-09-27,54100.0,0.253,0.113,7264.0,0.3,31167.0,0.522,0.45,2.5,1.4
933,2022-09-28,51200.0,0.253,0.113,7264.0,0.3,31167.0,0.522,0.45,2.5,1.4
934,2022-09-29,50800.0,0.253,0.113,7264.0,0.3,31167.0,0.522,0.45,2.5,1.4
935,2022-09-30,50700.0,0.253,0.113,7264.0,0.3,31167.0,0.522,0.45,2.5,1.4
936,2022-10-03,50400.0,0.21,0.097,6574.0,0.2,33213.0,0.484,0.428,2.5,1.4
937,2022-10-04,50600.0,0.21,0.097,6574.0,0.2,33213.0,0.484,0.428,2.5,1.4
938,2022-10-05,53800.0,0.21,0.097,6574.0,0.2,33213.0,0.484,0.428,2.5,1.4
939,2022-10-06,53600.0,0.21,0.097,6574.0,0.2,33213.0,0.484,0.428,2.5,1.4
940,2022-10-07,53800.0,0.21,0.097,6574.0,0.2,33213.0,0.484,0.428,2.5,1.4
941,2022-10-10,53900.0,0.21,0.097,6574.0,0.2,33213.0,0.484,0.428,2.5,1.4
942,2022-10-11,51800.0,0.21,0.097,6574.0,0.2,33213.0,0.484,0.428,2.5,1.4
943,2022-10-12,52500.0,0.21,0.097,6574.0,0.2,33213.0,0.484,0.428,2.5,1.4
944,2022-10-13,52800.0,0.21,0.097,6574.0,0.2,33213.0,0.484,0.428,2.5,1.4
945,2022-10-14,51900.0,0.21,0.097,6574.0,0.2,33213.0,0.484,0.428,2.5,1.4
946,2022-10-17,49500.0,0.21,0.097,6574.0,0.2,33213.0,0.484,0.428,2.5,1.4
947,2022-10-18,50500.0,0.21,0.097,6574.0,0.2,33213.0,0.484,0.428,2.5,1.4
948,2022-10-19,50000.0,0.21,0.097,6574.0,0.2,33213.0,0.484,0.428,2.5,1.4
949,2022-10-20,50000.0,0.21,0.097,6574.0,0.2,33213.0,0.484,0.428,2.5,1.4
950,2022-10-21,47950.0,0.21,0.097,6574.0,0.2,33213.0,0.484,0.428,2.5,1.4
951,2022-10-24,44600.0,0.21,0.097,6574.0,0.2,33213.0,0.484,0.428,2.5,1.4
952,2022-10-25,44600.0,0.21,0.097,6574.0,0.2,33213.0,0.484,0.428,2.5,1.4
953,2022-10-26,43500.0,0.21,0.097,6574.0,0.2,33213.0,0.484,0.428,2.5,1.4
954,2022-10-27,44000.0,0.21,0.097,6574.0,0.2,33213.0,0.484,0.428,2.5,1.4
955,2022-10-28,44900.0,0.21,0.097,6574.0,0.2,33213.0,0.484,0.428,2.5,1.4
956,2022-10-31,45000.0,0.21,0.097,6574.0,0.2,33213.0,0.484,0.428,2.5,1.4
957,2022-11-01,45000.0,0.21,0.097,6574.0,0.2,33213.0,0.484,0.428,2.5,1.4
958,2022-11-02,44900.0,0.21,0.097,6574.0,0.2,33213.0,0.484,0.428,2.5,1.4
959,2022-11-03,45000.0,0.21,0.097,6574.0,0.2,33213.0,0.484,0.428,2.5,1.4
960,2022-11-04,44500.0,0.21,0.097,6574.0,0.2,33213.0,0.484,0.428,2.5,1.4
961,2022-11-07,43900.0,0.21,0.097,6574.0,0.2,33213.0,0.484,0.428,2.5,1.4
962,2022-11-08,43800.0,0.21,0.097,6574.0,0.2,33213.0,0.484,0.428,2.5,1.4
963,2022-11-09,44550.0,0.21,0.097,6574.0,0.2,33213.0,0.484,0.428,2.5,1.4
964,2022-11-10,43950.0,0.21,0.097,6574.0,0.2,33213.0,0.484,0.428,2.5,1.4
965,2022-11-11,44150.0,0.21,0.097,6574.0,0.2,33213.0,0.484,0.428,2.5,1.4
966,2022-11-14,44000.0,0.21,0.097,6574.0,0.2,33213.0,0.484,0.428,2.5,1.4
967,2022-11-15,43400.0,0.21,0.097,6574.0,0.2,33213.0,0.484,0.428,2.5,1.4
968,2022-11-16,44900.0,0.21,0.097,6574.0,0.2,33213.0,0.484,0.428,2.5,1.4
969,2022-11-17,47950.0,0.21,0.097,6574.0,0.2,33213.0,0.484,0.428,2.5,1.4
970,2022-11-18,48000.0,0.21,0.097,6574.0,0.2,33213.0,0.484,0.428,2.5,1.4
971,2022-11-21,46950.0,0.21,0.097,6574.0,0.2,33213.0,0.484,0.428,2.5,1.4
972,2022-11-22,45300.0,0.21,0.097,6574.0,0.2,33213.0,0.484,0.428,2.5,1.4
973,2022-11-23,44400.0,0.21,0.097,6574.0,0.2,33213.0,0.484,0.428,2.5,1.4
974,2022-11-24,45000.0,0.21,0.097,6574.0,0.2,33213.0,0.484,0.428,2.5,1.4
975,2022-11-25,47000.0,0.21,0.097,6574.0,0.2,33213.0,0.484,0.428,2.5,1.4
976,2022-11-28,50200.0,0.21,0.097,6574.0,0.2,33213.0,0.484,0.428,2.5,1.4
977,2022-11-29,53100.0,0.21,0.097,6574.0,0.2,33213.0,0.484,0.428,2.5,1.4
978,2022-11-30,54500.0,0.21,0.097,6574.0,0.2,33213.0,0.484,0.428,2.5,1.4
979,2022-12-01,53500.0,0.21,0.097,6574.0,0.2,33213.0,0.484,0.428,2.5,1.4
980,2022-12-02,57200.0,0.21,0.097,6574.0,0.2,33213.0,0.484,0.428,2.5,1.4
981,2022-12-05,58300.0,0.21,0.097,6574.0,0.2,33213.0,0.484,0.428,2.5,1.4
982,2022-12-06,55000.0,0.21,0.097,6574.0,0.2,33213.0,0.484,0.428,2.5,1.4
983,2022-12-07,55500.0,0.21,0.097,6574.0,0.2,33213.0,0.484,0.428,2.5,1.4
984,2022-12-08,55400.0,0.21,0.097,6574.0,0.2,33213.0,0.484,0.428,2.5,1.4
985,2022-12-09,54100.0,0.21,0.097,6574.0,0.2,33213.0,0.484,0.428,2.5,1.4
986,2022-12-12,50500.0,0.21,0.097,6574.0,0.2,33213.0,0.484,0.428,2.5,1.4
987,2022-12-13,53000.0,0.21,0.097,6574.0,0.2,33213.0,0.484,0.428,2.5,1.4
988,2022-12-14,53000.0,0.21,0.097,6574.0,0.2,33213.0,0.484,0.428,2.5,1.4
989,2022-12-15,50700.0,0.21,0.097,6574.0,0.2,33213.0,0.484,0.428,2.5,1.4
990,2022-12-16,49300.0,0.21,0.097,6574.0,0.2,33213.0,0.484,0.428,2.5,1.4
991,2022-12-19,48200.0,0.21,0.097,6574.0,0.2,33213.0,0.484,0.428,2.5,1.4
992,2022-12-20,48200.0,0.21,0.097,6574.0,0.2,33213.0,0.484,0.428,2.5,1.4
993,2022-12-21,48500.0,0.21,0.097,6574.0,0.2,33213.0,0.484,0.428,2.5,1.4
994,2022-12-22,49000.0,0.21,0.097,6574.0,0.2,33213.0,0.484,0.428,2.5,1.4
995,2022-12-23,49800.0,0.21,0.097,6574.0,0.2,33213.0,0.484,0.428,2.5,1.4
996,2022-12-26,47000.0,0.21,0.097,6574.0,0.2,33213.0,0.484,0.428,2.5,1.4
997,2022-12-27,47500.0,0.21,0.097,6574.0,0.2,33213.0,0.484,0.428,2.5,1.4
998,2022-12-28,47700.0,0.21,0.097,6574.0,0.2,33213.0,0.484,0.428,2.5,1.4
999,2022-12-29,47800.0,0.21,0.097,6574.0,0.2,33213.0,0.484,0.428,2.5,1.4
1000,2022-12-30,48000.0,0.21,0.097,6574.0,0.2,33213.0,0.484,0.428,2.5,1.4
1001,2023-01-03,49400.0,0.21,0.097,6574.0,0.2,33213.0,0.484,0.428,2.5,1.4
1002,2023-01-04,49000.0,0.21,0.097,6574.0,0.2,33213.0,0.484,0.428,2.5,1.4
1003,2023-01-05,49700.0,0.21,0.097,6574.0,0.2,33213.0,0.484,0.428,2.5,1.4
1004,2023-01-06,49900.0,0.21,0.097,6574.0,0.2,33213.0,0.484,0.428,2.5,1.4
1005,2023-01-09,50200.0,0.21,0.097,6574.0,0.2,33213.0,0.484,0.428,2.5,1.4
1006,2023-01-10,49750.0,0.21,0.097,6574.0,0.2,33213.0,0.484,0.428,2.5,1.4
1007,2023-01-11,50800.0,0.21,0.097,6574.0,0.2,33213.0,0.484,0.428,2.5,1.4
1008,2023-01-12,51500.0,0.21,0.097,6574.0,0.2,33213.0,0.484,0.428,2.5,1.4
1009,2023-01-13,52000.0,0.21,0.097,6574.0,0.2,33213.0,0.484,0.428,2.5,1.4
1010,2023-01-16,51300.0,0.21,0.097,6574.0,0.2,33213.0,0.484,0.428,2.5,1.4
1011,2023-01-17,52000.0,0.21,0.097,6574.0,0.2,33213.0,0.484,0.428,2.5,1.4
1012,2023-01-18,52500.0,0.21,0.097,6574.0,0.2,33213.0,0.484,0.428,2.5,1.4
1013,2023-01-19,52200.0,0.21,0.097,6574.0,0.2,33213.0,0.484,0.428,2.5,1.4
1014,2023-01-27,53300.0,0.21,0.097,6574.0,0.2,33213.0,0.484,0.428,2.5,1.4
1015,2023-01-30,51500.0,0.21,0.097,6574.0,0.2,33213.0,0.484,0.428,2.5,1.4
1016,2023-01-31,50900.0,0.21,0.097,6574.0,0.2,33213.0,0.484,0.428,2.5,1.4
1017,2023-02-01,48000.0,0.21,0.097,6574.0,0.2,33213.0,0.484,0.428,2.5,1.4
1018,2023-02-02,47900.0,0.21,0.097,6574.0,0.2,33213.0,0.484,0.428,2.5,1.4
1019,2023-02-03,48100.0,0.21,0.097,6574.0,0.2,33213.0,0.484,0.428,2.5,1.4
1020,2023-02-06,47950.0,0.21,0.097,6574.0,0.2,33213.0,0.484,0.428,2.5,1.4
1021,2023-02-07,46800.0,0.21,0.097,6574.0,0.2,33213.0,0.484,0.428,2.5,1.4
1022,2023-02-08,46600.0,0.21,0.097,6574.0,0.2,33213.0,0.484,0.428,2.5,1.4
1023,2023-02-09,45300.0,0.21,0.097,6574.0,0.2,33213.0,0.484,0.428,2.5,1.4
1024,2023-02-10,45400.0,0.21,0.097,6574.0,0.2,33213.0,0.484,0.428,2.5,1.4
1025,2023-02-13,44400.0,0.21,0.097,6574.0,0.2,33213.0,0.484,0.428,2.5,1.4
1026,2023-02-14,42750.0,0.21,0.097,6574.0,0.2,33213.0,0.484,0.428,2.5,1.4
1027,2023-02-15,42500.0,0.21,0.097,6574.0,0.2,33213.0,0.484,0.428,2.5,1.4
1028,2023-02-16,42500.0,0.21,0.097,6574.0,0.2,33213.0,0.484,0.428,2.5,1.4
1029,2023-02-17,43300.0,0.21,0.097,6574.0,0.2,33213.0,0.484,0.428,2.5,1.4
1030,2023-02-20,45200.0,0.21,0.097,6574.0,0.2,33213.0,0.484,0.428,2.5,1.4
1031,2023-02-21,45200.0,0.21,0.097,6574.0,0.2,33213.0,0.484,0.428,2.5,1.4
1032,2023-02-22,42600.0,0.21,0.097,6574.0,0.2,33213.0,0.484,0.428,2.5,1.4
1033,2023-02-23,42000.0,0.21,0.097,6574.0,0.2,33213.0,0.484,0.428,2.5,1.4
1034,2023-02-24,41000.0,0.21,0.097,6574.0,0.2,33213.0,0.484,0.428,2.5,1.4
1035,2023-02-27,40900.0,0.21,0.097,6574.0,0.2,33213.0,0.484,0.428,2.5,1.4
1036,2023-02-28,41500.0,0.21,0.097,6574.0,0.2,33213.0,0.484,0.428,2.5,1.4
