,Date,Close,roe,roa,earningPerShare,bookValuePerShare,assetOnEquity,payableOnEquity
0,2017-10-02,8527.0,0.274,0.026,1448.0,6679.0,9.4,8.4
1,2017-10-03,8447.0,0.274,0.026,1448.0,6679.0,9.4,8.4
2,2017-10-04,8447.0,0.274,0.026,1448.0,6679.0,9.4,8.4
3,2017-10-05,8436.0,0.274,0.026,1448.0,6679.0,9.4,8.4
4,2017-10-06,8516.0,0.274,0.026,1448.0,6679.0,9.4,8.4
5,2017-10-09,8573.0,0.274,0.026,1448.0,6679.0,9.4,8.4
6,2017-10-10,8699.0,0.274,0.026,1448.0,6679.0,9.4,8.4
7,2017-10-11,9042.0,0.274,0.026,1448.0,6679.0,9.4,8.4
8,2017-10-12,9168.0,0.274,0.026,1448.0,6679.0,9.4,8.4
9,2017-10-13,9203.0,0.274,0.026,1448.0,6679.0,9.4,8.4
10,2017-10-16,9317.0,0.274,0.026,1448.0,6679.0,9.4,8.4
11,2017-10-17,9431.0,0.274,0.026,1448.0,6679.0,9.4,8.4
12,2017-10-18,9454.0,0.274,0.026,1448.0,6679.0,9.4,8.4
13,2017-10-19,9409.0,0.274,0.026,1448.0,6679.0,9.4,8.4
14,2017-10-20,9454.0,0.274,0.026,1448.0,6679.0,9.4,8.4
15,2017-10-23,9340.0,0.274,0.026,1448.0,6679.0,9.4,8.4
16,2017-10-24,9317.0,0.274,0.026,1448.0,6679.0,9.4,8.4
17,2017-10-25,9386.0,0.274,0.026,1448.0,6679.0,9.4,8.4
18,2017-10-26,9317.0,0.274,0.026,1448.0,6679.0,9.4,8.4
19,2017-10-27,9351.0,0.274,0.026,1448.0,6679.0,9.4,8.4
20,2017-10-30,9409.0,0.274,0.026,1448.0,6679.0,9.4,8.4
21,2017-10-31,9306.0,0.274,0.026,1448.0,6679.0,9.4,8.4
22,2017-11-01,9225.0,0.274,0.026,1448.0,6679.0,9.4,8.4
23,2017-11-02,8630.0,0.274,0.026,1448.0,6679.0,9.4,8.4
24,2017-11-03,9203.0,0.274,0.026,1448.0,6679.0,9.4,8.4
25,2017-11-06,9134.0,0.274,0.026,1448.0,6679.0,9.4,8.4
26,2017-11-07,9042.0,0.274,0.026,1448.0,6679.0,9.4,8.4
27,2017-11-08,9203.0,0.274,0.026,1448.0,6679.0,9.4,8.4
28,2017-11-09,9088.0,0.274,0.026,1448.0,6679.0,9.4,8.4
29,2017-11-10,9054.0,0.274,0.026,1448.0,6679.0,9.4,8.4
30,2017-11-13,8859.0,0.274,0.026,1448.0,6679.0,9.4,8.4
31,2017-11-14,8939.0,0.274,0.026,1448.0,6679.0,9.4,8.4
32,2017-11-15,8997.0,0.274,0.026,1448.0,6679.0,9.4,8.4
33,2017-11-16,9042.0,0.274,0.026,1448.0,6679.0,9.4,8.4
34,2017-11-17,9042.0,0.274,0.026,1448.0,6679.0,9.4,8.4
35,2017-11-20,8951.0,0.274,0.026,1448.0,6679.0,9.4,8.4
36,2017-11-21,8916.0,0.274,0.026,1448.0,6679.0,9.4,8.4
37,2017-11-22,9065.0,0.274,0.026,1448.0,6679.0,9.4,8.4
38,2017-11-23,9157.0,0.274,0.026,1448.0,6679.0,9.4,8.4
39,2017-11-24,9157.0,0.274,0.026,1448.0,6679.0,9.4,8.4
40,2017-11-27,9111.0,0.274,0.026,1448.0,6679.0,9.4,8.4
41,2017-11-28,9111.0,0.274,0.026,1448.0,6679.0,9.4,8.4
42,2017-11-29,9180.0,0.274,0.026,1448.0,6679.0,9.4,8.4
43,2017-11-30,9420.0,0.274,0.026,1448.0,6679.0,9.4,8.4
44,2017-12-01,9420.0,0.274,0.026,1448.0,6679.0,9.4,8.4
45,2017-12-04,9500.0,0.274,0.026,1448.0,6679.0,9.4,8.4
46,2017-12-05,9397.0,0.274,0.026,1448.0,6679.0,9.4,8.4
47,2017-12-06,9271.0,0.274,0.026,1448.0,6679.0,9.4,8.4
48,2017-12-07,9065.0,0.274,0.026,1448.0,6679.0,9.4,8.4
49,2017-12-08,9042.0,0.274,0.026,1448.0,6679.0,9.4,8.4
50,2017-12-11,8825.0,0.274,0.026,1448.0,6679.0,9.4,8.4
51,2017-12-12,8859.0,0.274,0.026,1448.0,6679.0,9.4,8.4
52,2017-12-13,8676.0,0.274,0.026,1448.0,6679.0,9.4,8.4
53,2017-12-14,8790.0,0.274,0.026,1448.0,6679.0,9.4,8.4
54,2017-12-15,8745.0,0.274,0.026,1448.0,6679.0,9.4,8.4
55,2017-12-18,8928.0,0.274,0.026,1448.0,6679.0,9.4,8.4
56,2017-12-19,8974.0,0.274,0.026,1448.0,6679.0,9.4,8.4
57,2017-12-20,9237.0,0.274,0.026,1448.0,6679.0,9.4,8.4
58,2017-12-21,9260.0,0.274,0.026,1448.0,6679.0,9.4,8.4
59,2017-12-22,9248.0,0.274,0.026,1448.0,6679.0,9.4,8.4
60,2017-12-25,9134.0,0.274,0.026,1448.0,6679.0,9.4,8.4
61,2017-12-26,9111.0,0.274,0.026,1448.0,6679.0,9.4,8.4
62,2017-12-27,9134.0,0.274,0.026,1448.0,6679.0,9.4,8.4
63,2017-12-28,9271.0,0.274,0.026,1448.0,6679.0,9.4,8.4
64,2017-12-29,9386.0,0.274,0.026,1448.0,6679.0,9.4,8.4
65,2018-01-02,9912.0,0.278,0.027,1572.0,7116.0,9.0,8.0
66,2018-01-03,9924.0,0.278,0.027,1572.0,7116.0,9.0,8.0
67,2018-01-04,10278.0,0.278,0.027,1572.0,7116.0,9.0,8.0
68,2018-01-05,10164.0,0.278,0.027,1572.0,7116.0,9.0,8.0
69,2018-01-08,10633.0,0.278,0.027,1572.0,7116.0,9.0,8.0
70,2018-01-09,10965.0,0.278,0.027,1572.0,7116.0,9.0,8.0
71,2018-01-10,10988.0,0.278,0.027,1572.0,7116.0,9.0,8.0
72,2018-01-11,11160.0,0.278,0.027,1572.0,7116.0,9.0,8.0
73,2018-01-12,10782.0,0.278,0.027,1572.0,7116.0,9.0,8.0
74,2018-01-15,10988.0,0.278,0.027,1572.0,7116.0,9.0,8.0
75,2018-01-16,10874.0,0.278,0.027,1572.0,7116.0,9.0,8.0
76,2018-01-17,10759.0,0.278,0.027,1572.0,7116.0,9.0,8.0
77,2018-01-18,10988.0,0.278,0.027,1572.0,7116.0,9.0,8.0
78,2018-01-19,11034.0,0.278,0.027,1572.0,7116.0,9.0,8.0
79,2018-01-22,11274.0,0.278,0.027,1572.0,7116.0,9.0,8.0
80,2018-01-23,11274.0,0.278,0.027,1572.0,7116.0,9.0,8.0
81,2018-01-24,11274.0,0.278,0.027,1572.0,7116.0,9.0,8.0
82,2018-01-25,11995.0,0.278,0.027,1572.0,7116.0,9.0,8.0
83,2018-01-26,11904.0,0.278,0.027,1572.0,7116.0,9.0,8.0
84,2018-01-29,11927.0,0.278,0.027,1572.0,7116.0,9.0,8.0
85,2018-01-30,12110.0,0.278,0.027,1572.0,7116.0,9.0,8.0
86,2018-01-31,12201.0,0.278,0.027,1572.0,7116.0,9.0,8.0
87,2018-02-01,11950.0,0.278,0.027,1572.0,7116.0,9.0,8.0
88,2018-02-02,12407.0,0.278,0.027,1572.0,7116.0,9.0,8.0
89,2018-02-05,11789.0,0.278,0.027,1572.0,7116.0,9.0,8.0
90,2018-02-06,11309.0,0.278,0.027,1572.0,7116.0,9.0,8.0
91,2018-02-07,11995.0,0.278,0.027,1572.0,7116.0,9.0,8.0
92,2018-02-08,11904.0,0.278,0.027,1572.0,7116.0,9.0,8.0
93,2018-02-09,12018.0,0.278,0.027,1572.0,7116.0,9.0,8.0
94,2018-02-12,12636.0,0.278,0.027,1572.0,7116.0,9.0,8.0
95,2018-02-13,12934.0,0.278,0.027,1572.0,7116.0,9.0,8.0
96,2018-02-21,13369.0,0.278,0.027,1572.0,7116.0,9.0,8.0
97,2018-02-22,13071.0,0.278,0.027,1572.0,7116.0,9.0,8.0
98,2018-02-23,13392.0,0.278,0.027,1572.0,7116.0,9.0,8.0
99,2018-02-26,13254.0,0.278,0.027,1572.0,7116.0,9.0,8.0
100,2018-02-27,13483.0,0.278,0.027,1572.0,7116.0,9.0,8.0
101,2018-02-28,13644.0,0.278,0.027,1572.0,7116.0,9.0,8.0
102,2018-03-01,13552.0,0.278,0.027,1572.0,7116.0,9.0,8.0
103,2018-03-02,14170.0,0.278,0.027,1572.0,7116.0,9.0,8.0
104,2018-03-05,13392.0,0.278,0.027,1572.0,7116.0,9.0,8.0
105,2018-03-06,14147.0,0.278,0.027,1572.0,7116.0,9.0,8.0
106,2018-03-07,14193.0,0.278,0.027,1572.0,7116.0,9.0,8.0
107,2018-03-08,14903.0,0.278,0.027,1572.0,7116.0,9.0,8.0
108,2018-03-09,14628.0,0.278,0.027,1572.0,7116.0,9.0,8.0
109,2018-03-12,14399.0,0.278,0.027,1572.0,7116.0,9.0,8.0
110,2018-03-13,14697.0,0.278,0.027,1572.0,7116.0,9.0,8.0
111,2018-03-14,14765.0,0.278,0.027,1572.0,7116.0,9.0,8.0
112,2018-03-15,14605.0,0.278,0.027,1572.0,7116.0,9.0,8.0
113,2018-03-16,14719.0,0.278,0.027,1572.0,7116.0,9.0,8.0
114,2018-03-19,14513.0,0.278,0.027,1572.0,7116.0,9.0,8.0
115,2018-03-20,14971.0,0.278,0.027,1572.0,7116.0,9.0,8.0
116,2018-03-21,14880.0,0.278,0.027,1572.0,7116.0,9.0,8.0
117,2018-03-22,14925.0,0.278,0.027,1572.0,7116.0,9.0,8.0
118,2018-03-23,14582.0,0.278,0.027,1572.0,7116.0,9.0,8.0
119,2018-03-26,14719.0,0.278,0.027,1572.0,7116.0,9.0,8.0
120,2018-03-27,14857.0,0.278,0.027,1572.0,7116.0,9.0,8.0
121,2018-03-28,14857.0,0.278,0.027,1572.0,7116.0,9.0,8.0
122,2018-03-29,14925.0,0.278,0.027,1572.0,7116.0,9.0,8.0
123,2018-03-30,14765.0,0.278,0.027,1572.0,7116.0,9.0,8.0
124,2018-04-02,15566.0,0.279,0.027,1649.0,7420.0,8.9,7.9
125,2018-04-03,15635.0,0.279,0.027,1649.0,7420.0,8.9,7.9
126,2018-04-04,15589.0,0.279,0.027,1649.0,7420.0,8.9,7.9
127,2018-04-05,15452.0,0.279,0.027,1649.0,7420.0,8.9,7.9
128,2018-04-06,15589.0,0.279,0.027,1649.0,7420.0,8.9,7.9
129,2018-04-09,15864.0,0.279,0.027,1649.0,7420.0,8.9,7.9
130,2018-04-10,15635.0,0.279,0.027,1649.0,7420.0,8.9,7.9
131,2018-04-11,15132.0,0.279,0.027,1649.0,7420.0,8.9,7.9
132,2018-04-12,15200.0,0.279,0.027,1649.0,7420.0,8.9,7.9
133,2018-04-13,14674.0,0.279,0.027,1649.0,7420.0,8.9,7.9
134,2018-04-16,14628.0,0.279,0.027,1649.0,7420.0,8.9,7.9
135,2018-04-17,14903.0,0.279,0.027,1649.0,7420.0,8.9,7.9
136,2018-04-18,14605.0,0.279,0.027,1649.0,7420.0,8.9,7.9
137,2018-04-19,13918.0,0.279,0.027,1649.0,7420.0,8.9,7.9
138,2018-04-20,14010.0,0.279,0.027,1649.0,7420.0,8.9,7.9
139,2018-04-23,13048.0,0.279,0.027,1649.0,7420.0,8.9,7.9
140,2018-04-24,13048.0,0.279,0.027,1649.0,7420.0,8.9,7.9
141,2018-04-26,12156.0,0.279,0.027,1649.0,7420.0,8.9,7.9
142,2018-04-27,12247.0,0.279,0.027,1649.0,7420.0,8.9,7.9
143,2018-05-02,11744.0,0.279,0.027,1649.0,7420.0,8.9,7.9
144,2018-05-03,11835.0,0.279,0.027,1649.0,7420.0,8.9,7.9
145,2018-05-04,11995.0,0.279,0.027,1649.0,7420.0,8.9,7.9
146,2018-05-07,12797.0,0.279,0.027,1649.0,7420.0,8.9,7.9
147,2018-05-08,12476.0,0.279,0.027,1649.0,7420.0,8.9,7.9
148,2018-05-09,12156.0,0.279,0.027,1649.0,7420.0,8.9,7.9
149,2018-05-10,11446.0,0.279,0.027,1649.0,7420.0,8.9,7.9
150,2018-05-11,11835.0,0.279,0.027,1649.0,7420.0,8.9,7.9
151,2018-05-14,11423.0,0.279,0.027,1649.0,7420.0,8.9,7.9
152,2018-05-15,11492.0,0.279,0.027,1649.0,7420.0,8.9,7.9
153,2018-05-16,11057.0,0.279,0.027,1649.0,7420.0,8.9,7.9
154,2018-05-17,10484.0,0.279,0.027,1649.0,7420.0,8.9,7.9
155,2018-05-18,10656.0,0.279,0.027,1649.0,7420.0,8.9,7.9
156,2018-05-21,10759.0,0.279,0.027,1649.0,7420.0,8.9,7.9
157,2018-05-22,10301.0,0.279,0.027,1649.0,7420.0,8.9,7.9
158,2018-05-23,10324.0,0.279,0.027,1649.0,7420.0,8.9,7.9
159,2018-05-24,10095.0,0.279,0.027,1649.0,7420.0,8.9,7.9
160,2018-05-25,9546.0,0.279,0.027,1649.0,7420.0,8.9,7.9
161,2018-05-28,8882.0,0.279,0.027,1649.0,7420.0,8.9,7.9
162,2018-05-29,9500.0,0.279,0.027,1649.0,7420.0,8.9,7.9
163,2018-05-30,9889.0,0.279,0.027,1649.0,7420.0,8.9,7.9
164,2018-05-31,10301.0,0.279,0.027,1649.0,7420.0,8.9,7.9
165,2018-06-01,10530.0,0.279,0.027,1649.0,7420.0,8.9,7.9
166,2018-06-04,11263.0,0.279,0.027,1649.0,7420.0,8.9,7.9
167,2018-06-05,11309.0,0.279,0.027,1649.0,7420.0,8.9,7.9
168,2018-06-06,11320.0,0.279,0.027,1649.0,7420.0,8.9,7.9
169,2018-06-07,11331.0,0.279,0.027,1649.0,7420.0,8.9,7.9
170,2018-06-08,11858.0,0.279,0.027,1649.0,7420.0,8.9,7.9
171,2018-06-11,12178.0,0.279,0.027,1649.0,7420.0,8.9,7.9
172,2018-06-12,12018.0,0.279,0.027,1649.0,7420.0,8.9,7.9
173,2018-06-13,11995.0,0.279,0.027,1649.0,7420.0,8.9,7.9
174,2018-06-14,11446.0,0.279,0.027,1649.0,7420.0,8.9,7.9
175,2018-06-15,11331.0,0.279,0.027,1649.0,7420.0,8.9,7.9
176,2018-06-18,11224.0,0.279,0.027,1649.0,7420.0,8.9,7.9
177,2018-06-19,10779.0,0.279,0.027,1649.0,7420.0,8.9,7.9
178,2018-06-20,11520.0,0.279,0.027,1649.0,7420.0,8.9,7.9
179,2018-06-21,11483.0,0.279,0.027,1649.0,7420.0,8.9,7.9
180,2018-06-22,12187.0,0.279,0.027,1649.0,7420.0,8.9,7.9
181,2018-06-25,12057.0,0.279,0.027,1649.0,7420.0,8.9,7.9
182,2018-06-26,11853.0,0.279,0.027,1649.0,7420.0,8.9,7.9
183,2018-06-27,11335.0,0.279,0.027,1649.0,7420.0,8.9,7.9
184,2018-06-28,10927.0,0.279,0.027,1649.0,7420.0,8.9,7.9
185,2018-06-29,10631.0,0.279,0.027,1649.0,7420.0,8.9,7.9
186,2018-07-02,10261.0,0.229,0.025,1538.0,7195.0,9.3,8.3
187,2018-07-03,9557.0,0.229,0.025,1538.0,7195.0,9.3,8.3
188,2018-07-04,9779.0,0.229,0.025,1538.0,7195.0,9.3,8.3
189,2018-07-05,9335.0,0.229,0.025,1538.0,7195.0,9.3,8.3
190,2018-07-06,9983.0,0.229,0.025,1538.0,7195.0,9.3,8.3
191,2018-07-09,10038.0,0.229,0.025,1538.0,7195.0,9.3,8.3
192,2018-07-10,10298.0,0.229,0.025,1538.0,7195.0,9.3,8.3
193,2018-07-11,9594.0,0.229,0.025,1538.0,7195.0,9.3,8.3
194,2018-07-12,9761.0,0.229,0.025,1538.0,7195.0,9.3,8.3
195,2018-07-13,10149.0,0.229,0.025,1538.0,7195.0,9.3,8.3
196,2018-07-16,10224.0,0.229,0.025,1538.0,7195.0,9.3,8.3
197,2018-07-17,10909.0,0.229,0.025,1538.0,7195.0,9.3,8.3
198,2018-07-18,11131.0,0.229,0.025,1538.0,7195.0,9.3,8.3
199,2018-07-19,11001.0,0.229,0.025,1538.0,7195.0,9.3,8.3
200,2018-07-20,10927.0,0.229,0.025,1538.0,7195.0,9.3,8.3
201,2018-07-23,10187.0,0.229,0.025,1538.0,7195.0,9.3,8.3
202,2018-07-24,9927.0,0.229,0.025,1538.0,7195.0,9.3,8.3
203,2018-07-25,9742.0,0.229,0.025,1538.0,7195.0,9.3,8.3
204,2018-07-26,9705.0,0.229,0.025,1538.0,7195.0,9.3,8.3
205,2018-07-27,9779.0,0.229,0.025,1538.0,7195.0,9.3,8.3
206,2018-07-30,10112.0,0.229,0.025,1538.0,7195.0,9.3,8.3
207,2018-07-31,10038.0,0.229,0.025,1538.0,7195.0,9.3,8.3
208,2018-08-01,9927.0,0.229,0.025,1538.0,7195.0,9.3,8.3
209,2018-08-02,9835.0,0.229,0.025,1538.0,7195.0,9.3,8.3
210,2018-08-03,9853.0,0.229,0.025,1538.0,7195.0,9.3,8.3
211,2018-08-06,9686.0,0.229,0.025,1538.0,7195.0,9.3,8.3
212,2018-08-07,9686.0,0.229,0.025,1538.0,7195.0,9.3,8.3
213,2018-08-08,9853.0,0.229,0.025,1538.0,7195.0,9.3,8.3
214,2018-08-09,9964.0,0.229,0.025,1538.0,7195.0,9.3,8.3
215,2018-08-10,9927.0,0.229,0.025,1538.0,7195.0,9.3,8.3
216,2018-08-13,10057.0,0.229,0.025,1538.0,7195.0,9.3,8.3
217,2018-08-14,10075.0,0.229,0.025,1538.0,7195.0,9.3,8.3
218,2018-08-15,9816.0,0.229,0.025,1538.0,7195.0,9.3,8.3
219,2018-08-16,9816.0,0.229,0.025,1538.0,7195.0,9.3,8.3
220,2018-08-17,9631.0,0.229,0.025,1538.0,7195.0,9.3,8.3
221,2018-08-20,9223.0,0.229,0.025,1538.0,7195.0,9.3,8.3
222,2018-08-21,9446.0,0.229,0.025,1538.0,7195.0,9.3,8.3
223,2018-08-22,9446.0,0.229,0.025,1538.0,7195.0,9.3,8.3
224,2018-08-23,9409.0,0.229,0.025,1538.0,7195.0,9.3,8.3
225,2018-08-24,9279.0,0.229,0.025,1538.0,7195.0,9.3,8.3
226,2018-08-27,9372.0,0.229,0.025,1538.0,7195.0,9.3,8.3
227,2018-08-28,9427.0,0.229,0.025,1538.0,7195.0,9.3,8.3
228,2018-08-29,9353.0,0.229,0.025,1538.0,7195.0,9.3,8.3
229,2018-08-30,9446.0,0.229,0.025,1538.0,7195.0,9.3,8.3
230,2018-08-31,9594.0,0.229,0.025,1538.0,7195.0,9.3,8.3
231,2018-09-04,9520.0,0.229,0.025,1538.0,7195.0,9.3,8.3
232,2018-09-05,9390.0,0.229,0.025,1538.0,7195.0,9.3,8.3
233,2018-09-06,9112.0,0.229,0.025,1538.0,7195.0,9.3,8.3
234,2018-09-07,9260.0,0.229,0.025,1538.0,7195.0,9.3,8.3
235,2018-09-10,9038.0,0.229,0.025,1538.0,7195.0,9.3,8.3
236,2018-09-11,9149.0,0.229,0.025,1538.0,7195.0,9.3,8.3
237,2018-09-12,9075.0,0.229,0.025,1538.0,7195.0,9.3,8.3
238,2018-09-13,9001.0,0.229,0.025,1538.0,7195.0,9.3,8.3
239,2018-09-14,9020.0,0.229,0.025,1538.0,7195.0,9.3,8.3
240,2018-09-17,9038.0,0.229,0.025,1538.0,7195.0,9.3,8.3
241,2018-09-18,9057.0,0.229,0.025,1538.0,7195.0,9.3,8.3
242,2018-09-19,9242.0,0.229,0.025,1538.0,7195.0,9.3,8.3
243,2018-09-20,9557.0,0.229,0.025,1538.0,7195.0,9.3,8.3
244,2018-09-21,9742.0,0.229,0.025,1538.0,7195.0,9.3,8.3
245,2018-09-24,9612.0,0.229,0.025,1538.0,7195.0,9.3,8.3
246,2018-09-25,9594.0,0.229,0.025,1538.0,7195.0,9.3,8.3
247,2018-09-26,9631.0,0.229,0.025,1538.0,7195.0,9.3,8.3
248,2018-09-27,9723.0,0.229,0.025,1538.0,7195.0,9.3,8.3
249,2018-09-28,9927.0,0.229,0.025,1538.0,7195.0,9.3,8.3
250,2018-10-01,9779.0,0.228,0.024,1654.0,7816.0,9.3,8.3
251,2018-10-02,9705.0,0.228,0.024,1654.0,7816.0,9.3,8.3
252,2018-10-03,9668.0,0.228,0.024,1654.0,7816.0,9.3,8.3
253,2018-10-04,9761.0,0.228,0.024,1654.0,7816.0,9.3,8.3
254,2018-10-05,9538.0,0.228,0.024,1654.0,7816.0,9.3,8.3
255,2018-10-08,9372.0,0.228,0.024,1654.0,7816.0,9.3,8.3
256,2018-10-09,9335.0,0.228,0.024,1654.0,7816.0,9.3,8.3
257,2018-10-10,9260.0,0.228,0.024,1654.0,7816.0,9.3,8.3
258,2018-10-11,8612.0,0.228,0.024,1654.0,7816.0,9.3,8.3
259,2018-10-12,8983.0,0.228,0.024,1654.0,7816.0,9.3,8.3
260,2018-10-15,8779.0,0.228,0.024,1654.0,7816.0,9.3,8.3
261,2018-10-16,8853.0,0.228,0.024,1654.0,7816.0,9.3,8.3
262,2018-10-17,8890.0,0.228,0.024,1654.0,7816.0,9.3,8.3
263,2018-10-18,8816.0,0.228,0.024,1654.0,7816.0,9.3,8.3
264,2018-10-19,8853.0,0.228,0.024,1654.0,7816.0,9.3,8.3
265,2018-10-22,8612.0,0.228,0.024,1654.0,7816.0,9.3,8.3
266,2018-10-23,8446.0,0.228,0.024,1654.0,7816.0,9.3,8.3
267,2018-10-24,8205.0,0.228,0.024,1654.0,7816.0,9.3,8.3
268,2018-10-25,8001.0,0.228,0.024,1654.0,7816.0,9.3,8.3
269,2018-10-26,7797.0,0.228,0.024,1654.0,7816.0,9.3,8.3
270,2018-10-29,7557.0,0.228,0.024,1654.0,7816.0,9.3,8.3
271,2018-10-30,7538.0,0.228,0.024,1654.0,7816.0,9.3,8.3
272,2018-10-31,7927.0,0.228,0.024,1654.0,7816.0,9.3,8.3
273,2018-11-01,7594.0,0.228,0.024,1654.0,7816.0,9.3,8.3
274,2018-11-02,7779.0,0.228,0.024,1654.0,7816.0,9.3,8.3
275,2018-11-05,7853.0,0.228,0.024,1654.0,7816.0,9.3,8.3
276,2018-11-06,7760.0,0.228,0.024,1654.0,7816.0,9.3,8.3
277,2018-11-07,7649.0,0.228,0.024,1654.0,7816.0,9.3,8.3
278,2018-11-08,7668.0,0.228,0.024,1654.0,7816.0,9.3,8.3
279,2018-11-09,7538.0,0.228,0.024,1654.0,7816.0,9.3,8.3
280,2018-11-12,7575.0,0.228,0.024,1654.0,7816.0,9.3,8.3
281,2018-11-13,7482.0,0.228,0.024,1654.0,7816.0,9.3,8.3
282,2018-11-14,7353.0,0.228,0.024,1654.0,7816.0,9.3,8.3
283,2018-11-15,7038.0,0.228,0.024,1654.0,7816.0,9.3,8.3
284,2018-11-16,7519.0,0.228,0.024,1654.0,7816.0,9.3,8.3
285,2018-11-19,8038.0,0.228,0.024,1654.0,7816.0,9.3,8.3
286,2018-11-20,8075.0,0.228,0.024,1654.0,7816.0,9.3,8.3
287,2018-11-21,8075.0,0.228,0.024,1654.0,7816.0,9.3,8.3
288,2018-11-22,8316.0,0.228,0.024,1654.0,7816.0,9.3,8.3
289,2018-11-23,8131.0,0.228,0.024,1654.0,7816.0,9.3,8.3
290,2018-11-26,8001.0,0.228,0.024,1654.0,7816.0,9.3,8.3
291,2018-11-27,7779.0,0.228,0.024,1654.0,7816.0,9.3,8.3
292,2018-11-28,7779.0,0.228,0.024,1654.0,7816.0,9.3,8.3
293,2018-11-29,7705.0,0.228,0.024,1654.0,7816.0,9.3,8.3
294,2018-11-30,7705.0,0.228,0.024,1654.0,7816.0,9.3,8.3
295,2018-12-03,8168.0,0.228,0.024,1654.0,7816.0,9.3,8.3
296,2018-12-04,8297.0,0.228,0.024,1654.0,7816.0,9.3,8.3
297,2018-12-05,8334.0,0.228,0.024,1654.0,7816.0,9.3,8.3
298,2018-12-06,8297.0,0.228,0.024,1654.0,7816.0,9.3,8.3
299,2018-12-07,8409.0,0.228,0.024,1654.0,7816.0,9.3,8.3
300,2018-12-10,8390.0,0.228,0.024,1654.0,7816.0,9.3,8.3
301,2018-12-11,8334.0,0.228,0.024,1654.0,7816.0,9.3,8.3
302,2018-12-12,8297.0,0.228,0.024,1654.0,7816.0,9.3,8.3
303,2018-12-13,8316.0,0.228,0.024,1654.0,7816.0,9.3,8.3
304,2018-12-14,8075.0,0.228,0.024,1654.0,7816.0,9.3,8.3
305,2018-12-17,7779.0,0.228,0.024,1654.0,7816.0,9.3,8.3
306,2018-12-18,7668.0,0.228,0.024,1654.0,7816.0,9.3,8.3
307,2018-12-19,7668.0,0.228,0.024,1654.0,7816.0,9.3,8.3
308,2018-12-20,7519.0,0.228,0.024,1654.0,7816.0,9.3,8.3
309,2018-12-21,7668.0,0.228,0.024,1654.0,7816.0,9.3,8.3
310,2018-12-24,7538.0,0.228,0.024,1654.0,7816.0,9.3,8.3
311,2018-12-25,7260.0,0.228,0.024,1654.0,7816.0,9.3,8.3
312,2018-12-26,7223.0,0.228,0.024,1654.0,7816.0,9.3,8.3
313,2018-12-27,7353.0,0.228,0.024,1654.0,7816.0,9.3,8.3
314,2018-12-28,7390.0,0.228,0.024,1654.0,7816.0,9.3,8.3
315,2019-01-02,7186.0,0.197,0.022,1504.0,8138.0,8.9,7.9
316,2019-01-03,7038.0,0.197,0.022,1504.0,8138.0,8.9,7.9
317,2019-01-04,7019.0,0.197,0.022,1504.0,8138.0,8.9,7.9
318,2019-01-07,7131.0,0.197,0.022,1504.0,8138.0,8.9,7.9
319,2019-01-08,7094.0,0.197,0.022,1504.0,8138.0,8.9,7.9
320,2019-01-09,7094.0,0.197,0.022,1504.0,8138.0,8.9,7.9
321,2019-01-10,7112.0,0.197,0.022,1504.0,8138.0,8.9,7.9
322,2019-01-11,7075.0,0.197,0.022,1504.0,8138.0,8.9,7.9
323,2019-01-14,7056.0,0.197,0.022,1504.0,8138.0,8.9,7.9
324,2019-01-15,7131.0,0.197,0.022,1504.0,8138.0,8.9,7.9
325,2019-01-16,7353.0,0.197,0.022,1504.0,8138.0,8.9,7.9
326,2019-01-17,7038.0,0.197,0.022,1504.0,8138.0,8.9,7.9
327,2019-01-18,7131.0,0.197,0.022,1504.0,8138.0,8.9,7.9
328,2019-01-21,7408.0,0.197,0.022,1504.0,8138.0,8.9,7.9
329,2019-01-22,7279.0,0.197,0.022,1504.0,8138.0,8.9,7.9
330,2019-01-23,7371.0,0.197,0.022,1504.0,8138.0,8.9,7.9
331,2019-01-24,7482.0,0.197,0.022,1504.0,8138.0,8.9,7.9
332,2019-01-25,7427.0,0.197,0.022,1504.0,8138.0,8.9,7.9
333,2019-01-28,7297.0,0.197,0.022,1504.0,8138.0,8.9,7.9
334,2019-01-29,7408.0,0.197,0.022,1504.0,8138.0,8.9,7.9
335,2019-01-30,7371.0,0.197,0.022,1504.0,8138.0,8.9,7.9
336,2019-01-31,7482.0,0.197,0.022,1504.0,8138.0,8.9,7.9
337,2019-02-01,7427.0,0.197,0.022,1504.0,8138.0,8.9,7.9
338,2019-02-11,7853.0,0.197,0.022,1504.0,8138.0,8.9,7.9
339,2019-02-12,7908.0,0.197,0.022,1504.0,8138.0,8.9,7.9
340,2019-02-13,7964.0,0.197,0.022,1504.0,8138.0,8.9,7.9
341,2019-02-14,7871.0,0.197,0.022,1504.0,8138.0,8.9,7.9
342,2019-02-15,7871.0,0.197,0.022,1504.0,8138.0,8.9,7.9
343,2019-02-18,7964.0,0.197,0.022,1504.0,8138.0,8.9,7.9
344,2019-02-19,7853.0,0.197,0.022,1504.0,8138.0,8.9,7.9
345,2019-02-20,7834.0,0.197,0.022,1504.0,8138.0,8.9,7.9
346,2019-02-21,7927.0,0.197,0.022,1504.0,8138.0,8.9,7.9
347,2019-02-22,7908.0,0.197,0.022,1504.0,8138.0,8.9,7.9
348,2019-02-25,7964.0,0.197,0.022,1504.0,8138.0,8.9,7.9
349,2019-02-26,7890.0,0.197,0.022,1504.0,8138.0,8.9,7.9
350,2019-02-27,7853.0,0.197,0.022,1504.0,8138.0,8.9,7.9
351,2019-02-28,7668.0,0.197,0.022,1504.0,8138.0,8.9,7.9
352,2019-03-01,7742.0,0.197,0.022,1504.0,8138.0,8.9,7.9
353,2019-03-04,7927.0,0.197,0.022,1504.0,8138.0,8.9,7.9
354,2019-03-05,7927.0,0.197,0.022,1504.0,8138.0,8.9,7.9
355,2019-03-06,7890.0,0.197,0.022,1504.0,8138.0,8.9,7.9
356,2019-03-07,7890.0,0.197,0.022,1504.0,8138.0,8.9,7.9
357,2019-03-08,7797.0,0.197,0.022,1504.0,8138.0,8.9,7.9
358,2019-03-11,7816.0,0.197,0.022,1504.0,8138.0,8.9,7.9
359,2019-03-12,7964.0,0.197,0.022,1504.0,8138.0,8.9,7.9
360,2019-03-13,8149.0,0.197,0.022,1504.0,8138.0,8.9,7.9
361,2019-03-14,8075.0,0.197,0.022,1504.0,8138.0,8.9,7.9
362,2019-03-15,8075.0,0.197,0.022,1504.0,8138.0,8.9,7.9
363,2019-03-18,8334.0,0.197,0.022,1504.0,8138.0,8.9,7.9
364,2019-03-19,8112.0,0.197,0.022,1504.0,8138.0,8.9,7.9
365,2019-03-20,8057.0,0.197,0.022,1504.0,8138.0,8.9,7.9
366,2019-03-21,7779.0,0.197,0.022,1504.0,8138.0,8.9,7.9
367,2019-03-22,7779.0,0.197,0.022,1504.0,8138.0,8.9,7.9
368,2019-03-25,7482.0,0.197,0.022,1504.0,8138.0,8.9,7.9
369,2019-03-26,7482.0,0.197,0.022,1504.0,8138.0,8.9,7.9
370,2019-03-27,7668.0,0.197,0.022,1504.0,8138.0,8.9,7.9
371,2019-03-28,7575.0,0.197,0.022,1504.0,8138.0,8.9,7.9
372,2019-03-29,7482.0,0.197,0.022,1504.0,8138.0,8.9,7.9
373,2019-04-01,7501.0,0.206,0.023,1647.0,8594.0,9.1,8.1
374,2019-04-02,7464.0,0.206,0.023,1647.0,8594.0,9.1,8.1
375,2019-04-03,7390.0,0.206,0.023,1647.0,8594.0,9.1,8.1
376,2019-04-04,7408.0,0.206,0.023,1647.0,8594.0,9.1,8.1
377,2019-04-05,7427.0,0.206,0.023,1647.0,8594.0,9.1,8.1
378,2019-04-08,7353.0,0.206,0.023,1647.0,8594.0,9.1,8.1
379,2019-04-09,7390.0,0.206,0.023,1647.0,8594.0,9.1,8.1
380,2019-04-10,7353.0,0.206,0.023,1647.0,8594.0,9.1,8.1
381,2019-04-11,7279.0,0.206,0.023,1647.0,8594.0,9.1,8.1
382,2019-04-12,7205.0,0.206,0.023,1647.0,8594.0,9.1,8.1
383,2019-04-16,7094.0,0.206,0.023,1647.0,8594.0,9.1,8.1
384,2019-04-17,7205.0,0.206,0.023,1647.0,8594.0,9.1,8.1
385,2019-04-18,7149.0,0.206,0.023,1647.0,8594.0,9.1,8.1
386,2019-04-19,7186.0,0.206,0.023,1647.0,8594.0,9.1,8.1
387,2019-04-22,7168.0,0.206,0.023,1647.0,8594.0,9.1,8.1
388,2019-04-23,7075.0,0.206,0.023,1647.0,8594.0,9.1,8.1
389,2019-04-24,7149.0,0.206,0.023,1647.0,8594.0,9.1,8.1
390,2019-04-25,7056.0,0.206,0.023,1647.0,8594.0,9.1,8.1
391,2019-04-26,7056.0,0.206,0.023,1647.0,8594.0,9.1,8.1
392,2019-05-02,7019.0,0.206,0.023,1647.0,8594.0,9.1,8.1
393,2019-05-03,7019.0,0.206,0.023,1647.0,8594.0,9.1,8.1
394,2019-05-06,6834.0,0.206,0.023,1647.0,8594.0,9.1,8.1
395,2019-05-07,6760.0,0.206,0.023,1647.0,8594.0,9.1,8.1
396,2019-05-08,6760.0,0.206,0.023,1647.0,8594.0,9.1,8.1
397,2019-05-09,6760.0,0.206,0.023,1647.0,8594.0,9.1,8.1
398,2019-05-10,6797.0,0.206,0.023,1647.0,8594.0,9.1,8.1
399,2019-05-13,6816.0,0.206,0.023,1647.0,8594.0,9.1,8.1
400,2019-05-14,6853.0,0.206,0.023,1647.0,8594.0,9.1,8.1
401,2019-05-15,7001.0,0.206,0.023,1647.0,8594.0,9.1,8.1
402,2019-05-16,7001.0,0.206,0.023,1647.0,8594.0,9.1,8.1
403,2019-05-17,6982.0,0.206,0.023,1647.0,8594.0,9.1,8.1
404,2019-05-20,6964.0,0.206,0.023,1647.0,8594.0,9.1,8.1
405,2019-05-21,7038.0,0.206,0.023,1647.0,8594.0,9.1,8.1
406,2019-05-22,7075.0,0.206,0.023,1647.0,8594.0,9.1,8.1
407,2019-05-23,6945.0,0.206,0.023,1647.0,8594.0,9.1,8.1
408,2019-05-24,6908.0,0.206,0.023,1647.0,8594.0,9.1,8.1
409,2019-05-27,6945.0,0.206,0.023,1647.0,8594.0,9.1,8.1
410,2019-05-28,6853.0,0.206,0.023,1647.0,8594.0,9.1,8.1
411,2019-05-29,6779.0,0.206,0.023,1647.0,8594.0,9.1,8.1
412,2019-05-30,6816.0,0.206,0.023,1647.0,8594.0,9.1,8.1
413,2019-05-31,6742.0,0.206,0.023,1647.0,8594.0,9.1,8.1
414,2019-06-03,6668.0,0.206,0.023,1647.0,8594.0,9.1,8.1
415,2019-06-04,6668.0,0.206,0.023,1647.0,8594.0,9.1,8.1
416,2019-06-05,6612.0,0.206,0.023,1647.0,8594.0,9.1,8.1
417,2019-06-06,6649.0,0.206,0.023,1647.0,8594.0,9.1,8.1
418,2019-06-07,6649.0,0.206,0.023,1647.0,8594.0,9.1,8.1
419,2019-06-10,6705.0,0.206,0.023,1647.0,8594.0,9.1,8.1
420,2019-06-11,6723.0,0.206,0.023,1647.0,8594.0,9.1,8.1
421,2019-06-12,6723.0,0.206,0.023,1647.0,8594.0,9.1,8.1
422,2019-06-13,6742.0,0.206,0.023,1647.0,8594.0,9.1,8.1
423,2019-06-14,6890.0,0.206,0.023,1647.0,8594.0,9.1,8.1
424,2019-06-17,6890.0,0.206,0.023,1647.0,8594.0,9.1,8.1
425,2019-06-18,6834.0,0.206,0.023,1647.0,8594.0,9.1,8.1
426,2019-06-19,6871.0,0.206,0.023,1647.0,8594.0,9.1,8.1
427,2019-06-20,7112.0,0.206,0.023,1647.0,8594.0,9.1,8.1
428,2019-06-21,7149.0,0.206,0.023,1647.0,8594.0,9.1,8.1
429,2019-06-24,7149.0,0.206,0.023,1647.0,8594.0,9.1,8.1
430,2019-06-25,7186.0,0.206,0.023,1647.0,8594.0,9.1,8.1
431,2019-06-26,7112.0,0.206,0.023,1647.0,8594.0,9.1,8.1
432,2019-06-27,6982.0,0.206,0.023,1647.0,8594.0,9.1,8.1
433,2019-06-28,7001.0,0.206,0.023,1647.0,8594.0,9.1,8.1
434,2019-07-01,7186.0,0.227,0.025,1846.0,9108.0,8.8,7.8
435,2019-07-02,7149.0,0.227,0.025,1846.0,9108.0,8.8,7.8
436,2019-07-03,7112.0,0.227,0.025,1846.0,9108.0,8.8,7.8
437,2019-07-04,7168.0,0.227,0.025,1846.0,9108.0,8.8,7.8
438,2019-07-05,7186.0,0.227,0.025,1846.0,9108.0,8.8,7.8
439,2019-07-08,7168.0,0.227,0.025,1846.0,9108.0,8.8,7.8
440,2019-07-09,7149.0,0.227,0.025,1846.0,9108.0,8.8,7.8
441,2019-07-10,7186.0,0.227,0.025,1846.0,9108.0,8.8,7.8
442,2019-07-11,7279.0,0.227,0.025,1846.0,9108.0,8.8,7.8
443,2019-07-12,7223.0,0.227,0.025,1846.0,9108.0,8.8,7.8
444,2019-07-15,7260.0,0.227,0.025,1846.0,9108.0,8.8,7.8
445,2019-07-16,7297.0,0.227,0.025,1846.0,9108.0,8.8,7.8
446,2019-07-17,7186.0,0.227,0.025,1846.0,9108.0,8.8,7.8
447,2019-07-18,7149.0,0.227,0.025,1846.0,9108.0,8.8,7.8
448,2019-07-19,7186.0,0.227,0.025,1846.0,9108.0,8.8,7.8
449,2019-07-22,7075.0,0.227,0.025,1846.0,9108.0,8.8,7.8
450,2019-07-23,7075.0,0.227,0.025,1846.0,9108.0,8.8,7.8
451,2019-07-24,7075.0,0.227,0.025,1846.0,9108.0,8.8,7.8
452,2019-07-25,6964.0,0.227,0.025,1846.0,9108.0,8.8,7.8
453,2019-07-26,6945.0,0.227,0.025,1846.0,9108.0,8.8,7.8
454,2019-07-29,6945.0,0.227,0.025,1846.0,9108.0,8.8,7.8
455,2019-07-30,6908.0,0.227,0.025,1846.0,9108.0,8.8,7.8
456,2019-07-31,6871.0,0.227,0.025,1846.0,9108.0,8.8,7.8
457,2019-08-01,6853.0,0.227,0.025,1846.0,9108.0,8.8,7.8
458,2019-08-02,7056.0,0.227,0.025,1846.0,9108.0,8.8,7.8
459,2019-08-05,7019.0,0.227,0.025,1846.0,9108.0,8.8,7.8
460,2019-08-06,6964.0,0.227,0.025,1846.0,9108.0,8.8,7.8
461,2019-08-07,6945.0,0.227,0.025,1846.0,9108.0,8.8,7.8
462,2019-08-08,6927.0,0.227,0.025,1846.0,9108.0,8.8,7.8
463,2019-08-09,7038.0,0.227,0.025,1846.0,9108.0,8.8,7.8
464,2019-08-12,7038.0,0.227,0.025,1846.0,9108.0,8.8,7.8
465,2019-08-13,7075.0,0.227,0.025,1846.0,9108.0,8.8,7.8
466,2019-08-14,7131.0,0.227,0.025,1846.0,9108.0,8.8,7.8
467,2019-08-15,7149.0,0.227,0.025,1846.0,9108.0,8.8,7.8
468,2019-08-16,7205.0,0.227,0.025,1846.0,9108.0,8.8,7.8
469,2019-08-19,7205.0,0.227,0.025,1846.0,9108.0,8.8,7.8
470,2019-08-20,7223.0,0.227,0.025,1846.0,9108.0,8.8,7.8
471,2019-08-21,7316.0,0.227,0.025,1846.0,9108.0,8.8,7.8
472,2019-08-22,7334.0,0.227,0.025,1846.0,9108.0,8.8,7.8
473,2019-08-23,7334.0,0.227,0.025,1846.0,9108.0,8.8,7.8
474,2019-08-26,7445.0,0.227,0.025,1846.0,9108.0,8.8,7.8
475,2019-08-27,7557.0,0.227,0.025,1846.0,9108.0,8.8,7.8
476,2019-08-28,7519.0,0.227,0.025,1846.0,9108.0,8.8,7.8
477,2019-08-29,7557.0,0.227,0.025,1846.0,9108.0,8.8,7.8
478,2019-08-30,7519.0,0.227,0.025,1846.0,9108.0,8.8,7.8
479,2019-09-03,7519.0,0.227,0.025,1846.0,9108.0,8.8,7.8
480,2019-09-04,7334.0,0.227,0.025,1846.0,9108.0,8.8,7.8
481,2019-09-05,7501.0,0.227,0.025,1846.0,9108.0,8.8,7.8
482,2019-09-06,7538.0,0.227,0.025,1846.0,9108.0,8.8,7.8
483,2019-09-09,7464.0,0.227,0.025,1846.0,9108.0,8.8,7.8
484,2019-09-10,7445.0,0.227,0.025,1846.0,9108.0,8.8,7.8
485,2019-09-11,7445.0,0.227,0.025,1846.0,9108.0,8.8,7.8
486,2019-09-12,7594.0,0.227,0.025,1846.0,9108.0,8.8,7.8
487,2019-09-13,7668.0,0.227,0.025,1846.0,9108.0,8.8,7.8
488,2019-09-16,7668.0,0.227,0.025,1846.0,9108.0,8.8,7.8
489,2019-09-17,7631.0,0.227,0.025,1846.0,9108.0,8.8,7.8
490,2019-09-18,7816.0,0.227,0.025,1846.0,9108.0,8.8,7.8
491,2019-09-19,7945.0,0.227,0.025,1846.0,9108.0,8.8,7.8
492,2019-09-20,7927.0,0.227,0.025,1846.0,9108.0,8.8,7.8
493,2019-09-23,7927.0,0.227,0.025,1846.0,9108.0,8.8,7.8
494,2019-09-24,7908.0,0.227,0.025,1846.0,9108.0,8.8,7.8
495,2019-09-25,7927.0,0.227,0.025,1846.0,9108.0,8.8,7.8
496,2019-09-26,8020.0,0.227,0.025,1846.0,9108.0,8.8,7.8
497,2019-09-27,8205.0,0.227,0.025,1846.0,9108.0,8.8,7.8
498,2019-09-30,8168.0,0.227,0.025,1846.0,9108.0,8.8,7.8
499,2019-10-01,8279.0,0.215,0.024,1859.0,9496.0,8.9,7.9
500,2019-10-02,8371.0,0.215,0.024,1859.0,9496.0,8.9,7.9
501,2019-10-03,8371.0,0.215,0.024,1859.0,9496.0,8.9,7.9
502,2019-10-04,8260.0,0.215,0.024,1859.0,9496.0,8.9,7.9
503,2019-10-07,8057.0,0.215,0.024,1859.0,9496.0,8.9,7.9
504,2019-10-08,8149.0,0.215,0.024,1859.0,9496.0,8.9,7.9
505,2019-10-09,8186.0,0.215,0.024,1859.0,9496.0,8.9,7.9
506,2019-10-10,8223.0,0.215,0.024,1859.0,9496.0,8.9,7.9
507,2019-10-11,8186.0,0.215,0.024,1859.0,9496.0,8.9,7.9
508,2019-10-14,8260.0,0.215,0.024,1859.0,9496.0,8.9,7.9
509,2019-10-15,8353.0,0.215,0.024,1859.0,9496.0,8.9,7.9
510,2019-10-16,8353.0,0.215,0.024,1859.0,9496.0,8.9,7.9
511,2019-10-17,8334.0,0.215,0.024,1859.0,9496.0,8.9,7.9
512,2019-10-18,8297.0,0.215,0.024,1859.0,9496.0,8.9,7.9
513,2019-10-21,8149.0,0.215,0.024,1859.0,9496.0,8.9,7.9
514,2019-10-22,8112.0,0.215,0.024,1859.0,9496.0,8.9,7.9
515,2019-10-23,8205.0,0.215,0.024,1859.0,9496.0,8.9,7.9
516,2019-10-24,8075.0,0.215,0.024,1859.0,9496.0,8.9,7.9
517,2019-10-25,8149.0,0.215,0.024,1859.0,9496.0,8.9,7.9
518,2019-10-28,8168.0,0.215,0.024,1859.0,9496.0,8.9,7.9
519,2019-10-29,8112.0,0.215,0.024,1859.0,9496.0,8.9,7.9
520,2019-10-30,8075.0,0.215,0.024,1859.0,9496.0,8.9,7.9
521,2019-10-31,7964.0,0.215,0.024,1859.0,9496.0,8.9,7.9
522,2019-11-01,7964.0,0.215,0.024,1859.0,9496.0,8.9,7.9
523,2019-11-04,8149.0,0.215,0.024,1859.0,9496.0,8.9,7.9
524,2019-11-05,8242.0,0.215,0.024,1859.0,9496.0,8.9,7.9
525,2019-11-06,8205.0,0.215,0.024,1859.0,9496.0,8.9,7.9
526,2019-11-07,8149.0,0.215,0.024,1859.0,9496.0,8.9,7.9
527,2019-11-08,8205.0,0.215,0.024,1859.0,9496.0,8.9,7.9
528,2019-11-11,8112.0,0.215,0.024,1859.0,9496.0,8.9,7.9
529,2019-11-12,8020.0,0.215,0.024,1859.0,9496.0,8.9,7.9
530,2019-11-13,7964.0,0.215,0.024,1859.0,9496.0,8.9,7.9
531,2019-11-14,7779.0,0.215,0.024,1859.0,9496.0,8.9,7.9
532,2019-11-15,7927.0,0.215,0.024,1859.0,9496.0,8.9,7.9
533,2019-11-18,7853.0,0.215,0.024,1859.0,9496.0,8.9,7.9
534,2019-11-19,7890.0,0.215,0.024,1859.0,9496.0,8.9,7.9
535,2019-11-20,7742.0,0.215,0.024,1859.0,9496.0,8.9,7.9
536,2019-11-21,7408.0,0.215,0.024,1859.0,9496.0,8.9,7.9
537,2019-11-22,7482.0,0.215,0.024,1859.0,9496.0,8.9,7.9
538,2019-11-25,7482.0,0.215,0.024,1859.0,9496.0,8.9,7.9
539,2019-11-26,7575.0,0.215,0.024,1859.0,9496.0,8.9,7.9
540,2019-11-27,7557.0,0.215,0.024,1859.0,9496.0,8.9,7.9
541,2019-11-28,7427.0,0.215,0.024,1859.0,9496.0,8.9,7.9
542,2019-11-29,7464.0,0.215,0.024,1859.0,9496.0,8.9,7.9
543,2019-12-02,7223.0,0.215,0.024,1859.0,9496.0,8.9,7.9
544,2019-12-03,6927.0,0.215,0.024,1859.0,9496.0,8.9,7.9
545,2019-12-04,7316.0,0.215,0.024,1859.0,9496.0,8.9,7.9
546,2019-12-05,7260.0,0.215,0.024,1859.0,9496.0,8.9,7.9
547,2019-12-06,7260.0,0.215,0.024,1859.0,9496.0,8.9,7.9
548,2019-12-09,7186.0,0.215,0.024,1859.0,9496.0,8.9,7.9
549,2019-12-10,7056.0,0.215,0.024,1859.0,9496.0,8.9,7.9
550,2019-12-11,7131.0,0.215,0.024,1859.0,9496.0,8.9,7.9
551,2019-12-12,7279.0,0.215,0.024,1859.0,9496.0,8.9,7.9
552,2019-12-13,7279.0,0.215,0.024,1859.0,9496.0,8.9,7.9
553,2019-12-16,7260.0,0.215,0.024,1859.0,9496.0,8.9,7.9
554,2019-12-17,7149.0,0.215,0.024,1859.0,9496.0,8.9,7.9
555,2019-12-18,7131.0,0.215,0.024,1859.0,9496.0,8.9,7.9
556,2019-12-19,7112.0,0.215,0.024,1859.0,9496.0,8.9,7.9
557,2019-12-20,7260.0,0.215,0.024,1859.0,9496.0,8.9,7.9
558,2019-12-23,7168.0,0.215,0.024,1859.0,9496.0,8.9,7.9
559,2019-12-24,7149.0,0.215,0.024,1859.0,9496.0,8.9,7.9
560,2019-12-25,7242.0,0.215,0.024,1859.0,9496.0,8.9,7.9
561,2019-12-26,7297.0,0.215,0.024,1859.0,9496.0,8.9,7.9
562,2019-12-27,7297.0,0.215,0.024,1859.0,9496.0,8.9,7.9
563,2019-12-30,7334.0,0.215,0.024,1859.0,9496.0,8.9,7.9
564,2019-12-31,7408.0,0.215,0.024,1859.0,9496.0,8.9,7.9
565,2020-01-02,7612.0,0.227,0.026,1364.0,6632.0,8.8,7.8
566,2020-01-03,7557.0,0.227,0.026,1364.0,6632.0,8.8,7.8
567,2020-01-06,7390.0,0.227,0.026,1364.0,6632.0,8.8,7.8
568,2020-01-07,7538.0,0.227,0.026,1364.0,6632.0,8.8,7.8
569,2020-01-08,7445.0,0.227,0.026,1364.0,6632.0,8.8,7.8
570,2020-01-09,7686.0,0.227,0.026,1364.0,6632.0,8.8,7.8
571,2020-01-10,7797.0,0.227,0.026,1364.0,6632.0,8.8,7.8
572,2020-01-13,7631.0,0.227,0.026,1364.0,6632.0,8.8,7.8
573,2020-01-14,7834.0,0.227,0.026,1364.0,6632.0,8.8,7.8
574,2020-01-15,8020.0,0.227,0.026,1364.0,6632.0,8.8,7.8
575,2020-01-16,8094.0,0.227,0.026,1364.0,6632.0,8.8,7.8
576,2020-01-17,8112.0,0.227,0.026,1364.0,6632.0,8.8,7.8
577,2020-01-20,8334.0,0.227,0.026,1364.0,6632.0,8.8,7.8
578,2020-01-21,8723.0,0.227,0.026,1364.0,6632.0,8.8,7.8
579,2020-01-22,8742.0,0.227,0.026,1364.0,6632.0,8.8,7.8
580,2020-01-30,8409.0,0.227,0.026,1364.0,6632.0,8.8,7.8
581,2020-01-31,8316.0,0.227,0.026,1364.0,6632.0,8.8,7.8
582,2020-02-03,8371.0,0.227,0.026,1364.0,6632.0,8.8,7.8
583,2020-02-04,8686.0,0.227,0.026,1364.0,6632.0,8.8,7.8
584,2020-02-05,8946.0,0.227,0.026,1364.0,6632.0,8.8,7.8
585,2020-02-06,9446.0,0.227,0.026,1364.0,6632.0,8.8,7.8
586,2020-02-07,9390.0,0.227,0.026,1364.0,6632.0,8.8,7.8
587,2020-02-10,9112.0,0.227,0.026,1364.0,6632.0,8.8,7.8
588,2020-02-11,9409.0,0.227,0.026,1364.0,6632.0,8.8,7.8
589,2020-02-12,9575.0,0.227,0.026,1364.0,6632.0,8.8,7.8
590,2020-02-13,9853.0,0.227,0.026,1364.0,6632.0,8.8,7.8
591,2020-02-14,10057.0,0.227,0.026,1364.0,6632.0,8.8,7.8
592,2020-02-17,10038.0,0.227,0.026,1364.0,6632.0,8.8,7.8
593,2020-02-18,10149.0,0.227,0.026,1364.0,6632.0,8.8,7.8
594,2020-02-19,10298.0,0.227,0.026,1364.0,6632.0,8.8,7.8
595,2020-02-20,10575.0,0.227,0.026,1364.0,6632.0,8.8,7.8
596,2020-02-21,10668.0,0.227,0.026,1364.0,6632.0,8.8,7.8
597,2020-02-24,9927.0,0.227,0.026,1364.0,6632.0,8.8,7.8
598,2020-02-25,10483.0,0.227,0.026,1364.0,6632.0,8.8,7.8
599,2020-02-26,10483.0,0.227,0.026,1364.0,6632.0,8.8,7.8
600,2020-02-27,10501.0,0.227,0.026,1364.0,6632.0,8.8,7.8
601,2020-02-28,10075.0,0.227,0.026,1364.0,6632.0,8.8,7.8
602,2020-03-02,9964.0,0.227,0.026,1364.0,6632.0,8.8,7.8
603,2020-03-03,10057.0,0.227,0.026,1364.0,6632.0,8.8,7.8
604,2020-03-04,10057.0,0.227,0.026,1364.0,6632.0,8.8,7.8
605,2020-03-05,10316.0,0.227,0.026,1364.0,6632.0,8.8,7.8
606,2020-03-06,10187.0,0.227,0.026,1364.0,6632.0,8.8,7.8
607,2020-03-09,9483.0,0.227,0.026,1364.0,6632.0,8.8,7.8
608,2020-03-10,9631.0,0.227,0.026,1364.0,6632.0,8.8,7.8
609,2020-03-11,8964.0,0.227,0.026,1364.0,6632.0,8.8,7.8
610,2020-03-12,8353.0,0.227,0.026,1364.0,6632.0,8.8,7.8
611,2020-03-13,8334.0,0.227,0.026,1364.0,6632.0,8.8,7.8
612,2020-03-16,7760.0,0.227,0.026,1364.0,6632.0,8.8,7.8
613,2020-03-17,7964.0,0.227,0.026,1364.0,6632.0,8.8,7.8
614,2020-03-18,7983.0,0.227,0.026,1364.0,6632.0,8.8,7.8
615,2020-03-19,7705.0,0.227,0.026,1364.0,6632.0,8.8,7.8
616,2020-03-20,7797.0,0.227,0.026,1364.0,6632.0,8.8,7.8
617,2020-03-23,7260.0,0.227,0.026,1364.0,6632.0,8.8,7.8
618,2020-03-24,7223.0,0.227,0.026,1364.0,6632.0,8.8,7.8
619,2020-03-25,7519.0,0.227,0.026,1364.0,6632.0,8.8,7.8
620,2020-03-26,7260.0,0.227,0.026,1364.0,6632.0,8.8,7.8
621,2020-03-27,7242.0,0.227,0.026,1364.0,6632.0,8.8,7.8
622,2020-03-30,6742.0,0.227,0.026,1364.0,6632.0,8.8,7.8
623,2020-03-31,6279.0,0.227,0.026,1364.0,6632.0,8.8,7.8
624,2020-04-01,6390.0,0.235,0.027,1498.0,7071.0,8.4,7.4
625,2020-04-03,6501.0,0.235,0.027,1498.0,7071.0,8.4,7.4
626,2020-04-06,6945.0,0.235,0.027,1498.0,7071.0,8.4,7.4
627,2020-04-07,7205.0,0.235,0.027,1498.0,7071.0,8.4,7.4
628,2020-04-08,7001.0,0.235,0.027,1498.0,7071.0,8.4,7.4
629,2020-04-09,6964.0,0.235,0.027,1498.0,7071.0,8.4,7.4
630,2020-04-10,6908.0,0.235,0.027,1498.0,7071.0,8.4,7.4
631,2020-04-13,7390.0,0.235,0.027,1498.0,7071.0,8.4,7.4
632,2020-04-14,7890.0,0.235,0.027,1498.0,7071.0,8.4,7.4
633,2020-04-15,8057.0,0.235,0.027,1498.0,7071.0,8.4,7.4
634,2020-04-16,8057.0,0.235,0.027,1498.0,7071.0,8.4,7.4
635,2020-04-17,7945.0,0.235,0.027,1498.0,7071.0,8.4,7.4
636,2020-04-20,7779.0,0.235,0.027,1498.0,7071.0,8.4,7.4
637,2020-04-21,7242.0,0.235,0.027,1498.0,7071.0,8.4,7.4
638,2020-04-22,7482.0,0.235,0.027,1498.0,7071.0,8.4,7.4
639,2020-04-23,7371.0,0.235,0.027,1498.0,7071.0,8.4,7.4
640,2020-04-24,7594.0,0.235,0.027,1498.0,7071.0,8.4,7.4
641,2020-04-27,7779.0,0.235,0.027,1498.0,7071.0,8.4,7.4
642,2020-04-28,7779.0,0.235,0.027,1498.0,7071.0,8.4,7.4
643,2020-04-29,7594.0,0.235,0.027,1498.0,7071.0,8.4,7.4
644,2020-05-04,7427.0,0.235,0.027,1498.0,7071.0,8.4,7.4
645,2020-05-05,7538.0,0.235,0.027,1498.0,7071.0,8.4,7.4
646,2020-05-06,7723.0,0.235,0.027,1498.0,7071.0,8.4,7.4
647,2020-05-07,7927.0,0.235,0.027,1498.0,7071.0,8.4,7.4
648,2020-05-08,8446.0,0.235,0.027,1498.0,7071.0,8.4,7.4
649,2020-05-11,8927.0,0.235,0.027,1498.0,7071.0,8.4,7.4
650,2020-05-12,8909.0,0.235,0.027,1498.0,7071.0,8.4,7.4
651,2020-05-13,8853.0,0.235,0.027,1498.0,7071.0,8.4,7.4
652,2020-05-14,8760.0,0.235,0.027,1498.0,7071.0,8.4,7.4
653,2020-05-15,8834.0,0.235,0.027,1498.0,7071.0,8.4,7.4
654,2020-05-18,9298.0,0.235,0.027,1498.0,7071.0,8.4,7.4
655,2020-05-19,9260.0,0.235,0.027,1498.0,7071.0,8.4,7.4
656,2020-05-20,9112.0,0.235,0.027,1498.0,7071.0,8.4,7.4
657,2020-05-21,9149.0,0.235,0.027,1498.0,7071.0,8.4,7.4
658,2020-05-22,8946.0,0.235,0.027,1498.0,7071.0,8.4,7.4
659,2020-05-25,8890.0,0.235,0.027,1498.0,7071.0,8.4,7.4
660,2020-05-26,8946.0,0.235,0.027,1498.0,7071.0,8.4,7.4
661,2020-05-27,8520.0,0.235,0.027,1498.0,7071.0,8.4,7.4
662,2020-05-28,8557.0,0.235,0.027,1498.0,7071.0,8.4,7.4
663,2020-05-29,8649.0,0.235,0.027,1498.0,7071.0,8.4,7.4
664,2020-06-01,9094.0,0.235,0.027,1498.0,7071.0,8.4,7.4
665,2020-06-02,8927.0,0.235,0.027,1498.0,7071.0,8.4,7.4
666,2020-06-03,9001.0,0.235,0.027,1498.0,7071.0,8.4,7.4
667,2020-06-04,8890.0,0.235,0.027,1498.0,7071.0,8.4,7.4
668,2020-06-05,9075.0,0.235,0.027,1498.0,7071.0,8.4,7.4
669,2020-06-08,9057.0,0.235,0.027,1498.0,7071.0,8.4,7.4
670,2020-06-09,8927.0,0.235,0.027,1498.0,7071.0,8.4,7.4
671,2020-06-10,8946.0,0.235,0.027,1498.0,7071.0,8.4,7.4
672,2020-06-11,8557.0,0.235,0.027,1498.0,7071.0,8.4,7.4
673,2020-06-12,8557.0,0.235,0.027,1498.0,7071.0,8.4,7.4
674,2020-06-15,8001.0,0.235,0.027,1498.0,7071.0,8.4,7.4
675,2020-06-16,8223.0,0.235,0.027,1498.0,7071.0,8.4,7.4
676,2020-06-17,8279.0,0.235,0.027,1498.0,7071.0,8.4,7.4
677,2020-06-18,8260.0,0.235,0.027,1498.0,7071.0,8.4,7.4
678,2020-06-19,8446.0,0.235,0.027,1498.0,7071.0,8.4,7.4
679,2020-06-22,8409.0,0.235,0.027,1498.0,7071.0,8.4,7.4
680,2020-06-23,8427.0,0.235,0.027,1498.0,7071.0,8.4,7.4
681,2020-06-24,8260.0,0.235,0.027,1498.0,7071.0,8.4,7.4
682,2020-06-25,8149.0,0.235,0.027,1498.0,7071.0,8.4,7.4
683,2020-06-26,8149.0,0.235,0.027,1498.0,7071.0,8.4,7.4
684,2020-06-29,7779.0,0.235,0.027,1498.0,7071.0,8.4,7.4
685,2020-06-30,7575.0,0.235,0.027,1498.0,7071.0,8.4,7.4
686,2020-07-01,8001.0,0.222,0.026,1494.0,7407.0,8.3,7.3
687,2020-07-02,7945.0,0.222,0.026,1494.0,7407.0,8.3,7.3
688,2020-07-03,7890.0,0.222,0.026,1494.0,7407.0,8.3,7.3
689,2020-07-06,8149.0,0.222,0.026,1494.0,7407.0,8.3,7.3
690,2020-07-07,8038.0,0.222,0.026,1494.0,7407.0,8.3,7.3
691,2020-07-08,8112.0,0.222,0.026,1494.0,7407.0,8.3,7.3
692,2020-07-09,8464.0,0.222,0.026,1494.0,7407.0,8.3,7.3
693,2020-07-10,8390.0,0.222,0.026,1494.0,7407.0,8.3,7.3
694,2020-07-13,8279.0,0.222,0.026,1494.0,7407.0,8.3,7.3
695,2020-07-14,8223.0,0.222,0.026,1494.0,7407.0,8.3,7.3
696,2020-07-15,8334.0,0.222,0.026,1494.0,7407.0,8.3,7.3
697,2020-07-16,8371.0,0.222,0.026,1494.0,7407.0,8.3,7.3
698,2020-07-17,8538.0,0.222,0.026,1494.0,7407.0,8.3,7.3
699,2020-07-20,8409.0,0.222,0.026,1494.0,7407.0,8.3,7.3
700,2020-07-21,8427.0,0.222,0.026,1494.0,7407.0,8.3,7.3
701,2020-07-22,8316.0,0.222,0.026,1494.0,7407.0,8.3,7.3
702,2020-07-23,8334.0,0.222,0.026,1494.0,7407.0,8.3,7.3
703,2020-07-24,7853.0,0.222,0.026,1494.0,7407.0,8.3,7.3
704,2020-07-27,7316.0,0.222,0.026,1494.0,7407.0,8.3,7.3
705,2020-07-28,7668.0,0.222,0.026,1494.0,7407.0,8.3,7.3
706,2020-07-29,7390.0,0.222,0.026,1494.0,7407.0,8.3,7.3
707,2020-07-30,7519.0,0.222,0.026,1494.0,7407.0,8.3,7.3
708,2020-07-31,7482.0,0.222,0.026,1494.0,7407.0,8.3,7.3
709,2020-08-03,7760.0,0.222,0.026,1494.0,7407.0,8.3,7.3
710,2020-08-04,7816.0,0.222,0.026,1494.0,7407.0,8.3,7.3
711,2020-08-05,7964.0,0.222,0.026,1494.0,7407.0,8.3,7.3
712,2020-08-06,7908.0,0.222,0.026,1494.0,7407.0,8.3,7.3
713,2020-08-07,7871.0,0.222,0.026,1494.0,7407.0,8.3,7.3
714,2020-08-10,7908.0,0.222,0.026,1494.0,7407.0,8.3,7.3
715,2020-08-11,7945.0,0.222,0.026,1494.0,7407.0,8.3,7.3
716,2020-08-12,8038.0,0.222,0.026,1494.0,7407.0,8.3,7.3
717,2020-08-13,8057.0,0.222,0.026,1494.0,7407.0,8.3,7.3
718,2020-08-14,7927.0,0.222,0.026,1494.0,7407.0,8.3,7.3
719,2020-08-17,7890.0,0.222,0.026,1494.0,7407.0,8.3,7.3
720,2020-08-18,7890.0,0.222,0.026,1494.0,7407.0,8.3,7.3
721,2020-08-19,7927.0,0.222,0.026,1494.0,7407.0,8.3,7.3
722,2020-08-20,7908.0,0.222,0.026,1494.0,7407.0,8.3,7.3
723,2020-08-21,8112.0,0.222,0.026,1494.0,7407.0,8.3,7.3
724,2020-08-24,8594.0,0.222,0.026,1494.0,7407.0,8.3,7.3
725,2020-08-25,8520.0,0.222,0.026,1494.0,7407.0,8.3,7.3
726,2020-08-26,8483.0,0.222,0.026,1494.0,7407.0,8.3,7.3
727,2020-08-27,8557.0,0.222,0.026,1494.0,7407.0,8.3,7.3
728,2020-08-28,8742.0,0.222,0.026,1494.0,7407.0,8.3,7.3
729,2020-08-31,8649.0,0.222,0.026,1494.0,7407.0,8.3,7.3
730,2020-09-01,8668.0,0.222,0.026,1494.0,7407.0,8.3,7.3
731,2020-09-03,8779.0,0.222,0.026,1494.0,7407.0,8.3,7.3
732,2020-09-04,8686.0,0.222,0.026,1494.0,7407.0,8.3,7.3
733,2020-09-07,8334.0,0.222,0.026,1494.0,7407.0,8.3,7.3
734,2020-09-08,8483.0,0.222,0.026,1494.0,7407.0,8.3,7.3
735,2020-09-09,8464.0,0.222,0.026,1494.0,7407.0,8.3,7.3
736,2020-09-10,8446.0,0.222,0.026,1494.0,7407.0,8.3,7.3
737,2020-09-11,8464.0,0.222,0.026,1494.0,7407.0,8.3,7.3
738,2020-09-14,8594.0,0.222,0.026,1494.0,7407.0,8.3,7.3
739,2020-09-15,8538.0,0.222,0.026,1494.0,7407.0,8.3,7.3
740,2020-09-16,8520.0,0.222,0.026,1494.0,7407.0,8.3,7.3
741,2020-09-17,8464.0,0.222,0.026,1494.0,7407.0,8.3,7.3
742,2020-09-18,8612.0,0.222,0.026,1494.0,7407.0,8.3,7.3
743,2020-09-21,8649.0,0.222,0.026,1494.0,7407.0,8.3,7.3
744,2020-09-22,8668.0,0.222,0.026,1494.0,7407.0,8.3,7.3
745,2020-09-23,8816.0,0.222,0.026,1494.0,7407.0,8.3,7.3
746,2020-09-24,8686.0,0.222,0.026,1494.0,7407.0,8.3,7.3
747,2020-09-25,8631.0,0.222,0.026,1494.0,7407.0,8.3,7.3
748,2020-09-28,8816.0,0.222,0.026,1494.0,7407.0,8.3,7.3
749,2020-09-29,8797.0,0.222,0.026,1494.0,7407.0,8.3,7.3
750,2020-09-30,8797.0,0.222,0.026,1494.0,7407.0,8.3,7.3
751,2020-10-01,8927.0,0.219,0.026,1551.0,7864.0,7.9,6.9
752,2020-10-02,8760.0,0.219,0.026,1551.0,7864.0,7.9,6.9
753,2020-10-05,8964.0,0.219,0.026,1551.0,7864.0,7.9,6.9
754,2020-10-06,8946.0,0.219,0.026,1551.0,7864.0,7.9,6.9
755,2020-10-07,8797.0,0.219,0.026,1551.0,7864.0,7.9,6.9
756,2020-10-08,8686.0,0.219,0.026,1551.0,7864.0,7.9,6.9
757,2020-10-09,8668.0,0.219,0.026,1551.0,7864.0,7.9,6.9
758,2020-10-12,8668.0,0.219,0.026,1551.0,7864.0,7.9,6.9
759,2020-10-13,8668.0,0.219,0.026,1551.0,7864.0,7.9,6.9
760,2020-10-14,8890.0,0.219,0.026,1551.0,7864.0,7.9,6.9
761,2020-10-15,8909.0,0.219,0.026,1551.0,7864.0,7.9,6.9
762,2020-10-16,9112.0,0.219,0.026,1551.0,7864.0,7.9,6.9
763,2020-10-19,9057.0,0.219,0.026,1551.0,7864.0,7.9,6.9
764,2020-10-20,9186.0,0.219,0.026,1551.0,7864.0,7.9,6.9
765,2020-10-21,9298.0,0.219,0.026,1551.0,7864.0,7.9,6.9
766,2020-10-22,9483.0,0.219,0.026,1551.0,7864.0,7.9,6.9
767,2020-10-23,9520.0,0.219,0.026,1551.0,7864.0,7.9,6.9
768,2020-10-26,9001.0,0.219,0.026,1551.0,7864.0,7.9,6.9
769,2020-10-27,9020.0,0.219,0.026,1551.0,7864.0,7.9,6.9
770,2020-10-28,8594.0,0.219,0.026,1551.0,7864.0,7.9,6.9
771,2020-10-29,8631.0,0.219,0.026,1551.0,7864.0,7.9,6.9
772,2020-10-30,8742.0,0.219,0.026,1551.0,7864.0,7.9,6.9
773,2020-11-02,8816.0,0.219,0.026,1551.0,7864.0,7.9,6.9
774,2020-11-03,8872.0,0.219,0.026,1551.0,7864.0,7.9,6.9
775,2020-11-04,8964.0,0.219,0.026,1551.0,7864.0,7.9,6.9
776,2020-11-05,8779.0,0.219,0.026,1551.0,7864.0,7.9,6.9
777,2020-11-06,8705.0,0.219,0.026,1551.0,7864.0,7.9,6.9
778,2020-11-09,8834.0,0.219,0.026,1551.0,7864.0,7.9,6.9
779,2020-11-10,8797.0,0.219,0.026,1551.0,7864.0,7.9,6.9
780,2020-11-11,8797.0,0.219,0.026,1551.0,7864.0,7.9,6.9
781,2020-11-12,8834.0,0.219,0.026,1551.0,7864.0,7.9,6.9
782,2020-11-13,9075.0,0.219,0.026,1551.0,7864.0,7.9,6.9
783,2020-11-16,8946.0,0.219,0.026,1551.0,7864.0,7.9,6.9
784,2020-11-17,9260.0,0.219,0.026,1551.0,7864.0,7.9,6.9
785,2020-11-18,9223.0,0.219,0.026,1551.0,7864.0,7.9,6.9
786,2020-11-19,9446.0,0.219,0.026,1551.0,7864.0,7.9,6.9
787,2020-11-20,9446.0,0.219,0.026,1551.0,7864.0,7.9,6.9
788,2020-11-23,9446.0,0.219,0.026,1551.0,7864.0,7.9,6.9
789,2020-11-24,9501.0,0.219,0.026,1551.0,7864.0,7.9,6.9
790,2020-11-25,9890.0,0.219,0.026,1551.0,7864.0,7.9,6.9
791,2020-11-26,10075.0,0.219,0.026,1551.0,7864.0,7.9,6.9
792,2020-11-27,10001.0,0.219,0.026,1551.0,7864.0,7.9,6.9
793,2020-11-30,9927.0,0.219,0.026,1551.0,7864.0,7.9,6.9
794,2020-12-01,10335.0,0.219,0.026,1551.0,7864.0,7.9,6.9
795,2020-12-02,10261.0,0.219,0.026,1551.0,7864.0,7.9,6.9
796,2020-12-03,10483.0,0.219,0.026,1551.0,7864.0,7.9,6.9
797,2020-12-04,10298.0,0.219,0.026,1551.0,7864.0,7.9,6.9
798,2020-12-07,10409.0,0.219,0.026,1551.0,7864.0,7.9,6.9
799,2020-12-08,10501.0,0.219,0.026,1551.0,7864.0,7.9,6.9
800,2020-12-09,10538.0,0.219,0.026,1551.0,7864.0,7.9,6.9
801,2020-12-10,10372.0,0.219,0.026,1551.0,7864.0,7.9,6.9
802,2020-12-11,10483.0,0.219,0.026,1551.0,7864.0,7.9,6.9
803,2020-12-14,10631.0,0.219,0.026,1551.0,7864.0,7.9,6.9
804,2020-12-15,10409.0,0.219,0.026,1551.0,7864.0,7.9,6.9
805,2020-12-16,10853.0,0.219,0.026,1551.0,7864.0,7.9,6.9
806,2020-12-17,10964.0,0.219,0.026,1551.0,7864.0,7.9,6.9
807,2020-12-18,11724.0,0.219,0.026,1551.0,7864.0,7.9,6.9
808,2020-12-21,12224.0,0.219,0.026,1551.0,7864.0,7.9,6.9
809,2020-12-22,12224.0,0.219,0.026,1551.0,7864.0,7.9,6.9
810,2020-12-23,11853.0,0.219,0.026,1551.0,7864.0,7.9,6.9
811,2020-12-24,11668.0,0.219,0.026,1551.0,7864.0,7.9,6.9
812,2020-12-25,12039.0,0.219,0.026,1551.0,7864.0,7.9,6.9
813,2020-12-28,11965.0,0.219,0.026,1551.0,7864.0,7.9,6.9
814,2020-12-29,11742.0,0.219,0.026,1551.0,7864.0,7.9,6.9
815,2020-12-30,11779.0,0.219,0.026,1551.0,7864.0,7.9,6.9
816,2020-12-31,12039.0,0.219,0.026,1551.0,7864.0,7.9,6.9
817,2021-01-04,12668.0,0.225,0.027,1683.0,8341.0,7.8,6.8
818,2021-01-05,12724.0,0.225,0.027,1683.0,8341.0,7.8,6.8
819,2021-01-06,12742.0,0.225,0.027,1683.0,8341.0,7.8,6.8
820,2021-01-07,12928.0,0.225,0.027,1683.0,8341.0,7.8,6.8
821,2021-01-08,13168.0,0.225,0.027,1683.0,8341.0,7.8,6.8
822,2021-01-11,13039.0,0.225,0.027,1683.0,8341.0,7.8,6.8
823,2021-01-12,12928.0,0.225,0.027,1683.0,8341.0,7.8,6.8
824,2021-01-13,13224.0,0.225,0.027,1683.0,8341.0,7.8,6.8
825,2021-01-14,13631.0,0.225,0.027,1683.0,8341.0,7.8,6.8
826,2021-01-15,13798.0,0.225,0.027,1683.0,8341.0,7.8,6.8
827,2021-01-18,13502.0,0.225,0.027,1683.0,8341.0,7.8,6.8
828,2021-01-19,12557.0,0.225,0.027,1683.0,8341.0,7.8,6.8
829,2021-01-20,12668.0,0.225,0.027,1683.0,8341.0,7.8,6.8
830,2021-01-21,13409.0,0.225,0.027,1683.0,8341.0,7.8,6.8
831,2021-01-22,13520.0,0.225,0.027,1683.0,8341.0,7.8,6.8
832,2021-01-25,13298.0,0.225,0.027,1683.0,8341.0,7.8,6.8
833,2021-01-26,12539.0,0.225,0.027,1683.0,8341.0,7.8,6.8
834,2021-01-27,11798.0,0.225,0.027,1683.0,8341.0,7.8,6.8
835,2021-01-28,10983.0,0.225,0.027,1683.0,8341.0,7.8,6.8
836,2021-01-29,11113.0,0.225,0.027,1683.0,8341.0,7.8,6.8
837,2021-02-01,11483.0,0.225,0.027,1683.0,8341.0,7.8,6.8
838,2021-02-02,12279.0,0.225,0.027,1683.0,8341.0,7.8,6.8
839,2021-02-03,13131.0,0.225,0.027,1683.0,8341.0,7.8,6.8
840,2021-02-04,13557.0,0.225,0.027,1683.0,8341.0,7.8,6.8
841,2021-02-05,13705.0,0.225,0.027,1683.0,8341.0,7.8,6.8
842,2021-02-08,13335.0,0.225,0.027,1683.0,8341.0,7.8,6.8
843,2021-02-09,14261.0,0.225,0.027,1683.0,8341.0,7.8,6.8
844,2021-02-17,15243.0,0.225,0.027,1683.0,8341.0,7.8,6.8
845,2021-02-18,15298.0,0.225,0.027,1683.0,8341.0,7.8,6.8
846,2021-02-19,15039.0,0.225,0.027,1683.0,8341.0,7.8,6.8
847,2021-02-22,15169.0,0.225,0.027,1683.0,8341.0,7.8,6.8
848,2021-02-23,15002.0,0.225,0.027,1683.0,8341.0,7.8,6.8
849,2021-02-24,14706.0,0.225,0.027,1683.0,8341.0,7.8,6.8
850,2021-02-25,14669.0,0.225,0.027,1683.0,8341.0,7.8,6.8
851,2021-02-26,14817.0,0.225,0.027,1683.0,8341.0,7.8,6.8
852,2021-03-01,15113.0,0.225,0.027,1683.0,8341.0,7.8,6.8
853,2021-03-02,15095.0,0.225,0.027,1683.0,8341.0,7.8,6.8
854,2021-03-03,15409.0,0.225,0.027,1683.0,8341.0,7.8,6.8
855,2021-03-04,15372.0,0.225,0.027,1683.0,8341.0,7.8,6.8
856,2021-03-05,15483.0,0.225,0.027,1683.0,8341.0,7.8,6.8
857,2021-03-08,15317.0,0.225,0.027,1683.0,8341.0,7.8,6.8
858,2021-03-09,15483.0,0.225,0.027,1683.0,8341.0,7.8,6.8
859,2021-03-10,15558.0,0.225,0.027,1683.0,8341.0,7.8,6.8
860,2021-03-11,16206.0,0.225,0.027,1683.0,8341.0,7.8,6.8
861,2021-03-12,16484.0,0.225,0.027,1683.0,8341.0,7.8,6.8
862,2021-03-15,16595.0,0.225,0.027,1683.0,8341.0,7.8,6.8
863,2021-03-16,16428.0,0.225,0.027,1683.0,8341.0,7.8,6.8
864,2021-03-17,16521.0,0.225,0.027,1683.0,8341.0,7.8,6.8
865,2021-03-18,16984.0,0.225,0.027,1683.0,8341.0,7.8,6.8
866,2021-03-19,16743.0,0.225,0.027,1683.0,8341.0,7.8,6.8
867,2021-03-22,16632.0,0.225,0.027,1683.0,8341.0,7.8,6.8
868,2021-03-23,16484.0,0.225,0.027,1683.0,8341.0,7.8,6.8
869,2021-03-24,16335.0,0.225,0.027,1683.0,8341.0,7.8,6.8
870,2021-03-25,16021.0,0.225,0.027,1683.0,8341.0,7.8,6.8
871,2021-03-26,16076.0,0.225,0.027,1683.0,8341.0,7.8,6.8
872,2021-03-29,16484.0,0.225,0.027,1683.0,8341.0,7.8,6.8
873,2021-03-30,16650.0,0.225,0.027,1683.0,8341.0,7.8,6.8
874,2021-03-31,16539.0,0.225,0.027,1683.0,8341.0,7.8,6.8
875,2021-04-01,17002.0,0.23,0.029,1842.0,8939.0,7.5,6.5
876,2021-04-02,17113.0,0.23,0.029,1842.0,8939.0,7.5,6.5
877,2021-04-05,17206.0,0.23,0.029,1842.0,8939.0,7.5,6.5
878,2021-04-06,17206.0,0.23,0.029,1842.0,8939.0,7.5,6.5
879,2021-04-07,17224.0,0.23,0.029,1842.0,8939.0,7.5,6.5
880,2021-04-08,17299.0,0.23,0.029,1842.0,8939.0,7.5,6.5
881,2021-04-09,17484.0,0.23,0.029,1842.0,8939.0,7.5,6.5
882,2021-04-12,18151.0,0.23,0.029,1842.0,8939.0,7.5,6.5
883,2021-04-13,18410.0,0.23,0.029,1842.0,8939.0,7.5,6.5
884,2021-04-14,18558.0,0.23,0.029,1842.0,8939.0,7.5,6.5
885,2021-04-15,18521.0,0.23,0.029,1842.0,8939.0,7.5,6.5
886,2021-04-16,18132.0,0.23,0.029,1842.0,8939.0,7.5,6.5
887,2021-04-19,18354.0,0.23,0.029,1842.0,8939.0,7.5,6.5
888,2021-04-20,18336.0,0.23,0.029,1842.0,8939.0,7.5,6.5
889,2021-04-22,18151.0,0.23,0.029,1842.0,8939.0,7.5,6.5
890,2021-04-23,18891.0,0.23,0.029,1842.0,8939.0,7.5,6.5
891,2021-04-26,19632.0,0.23,0.029,1842.0,8939.0,7.5,6.5
892,2021-04-27,19706.0,0.23,0.029,1842.0,8939.0,7.5,6.5
893,2021-04-28,20373.0,0.23,0.029,1842.0,8939.0,7.5,6.5
894,2021-04-29,21669.0,0.23,0.029,1842.0,8939.0,7.5,6.5
895,2021-05-04,22040.0,0.23,0.029,1842.0,8939.0,7.5,6.5
896,2021-05-05,22447.0,0.23,0.029,1842.0,8939.0,7.5,6.5
897,2021-05-06,22892.0,0.23,0.029,1842.0,8939.0,7.5,6.5
898,2021-05-07,22781.0,0.23,0.029,1842.0,8939.0,7.5,6.5
899,2021-05-10,23077.0,0.23,0.029,1842.0,8939.0,7.5,6.5
900,2021-05-11,23336.0,0.23,0.029,1842.0,8939.0,7.5,6.5
901,2021-05-12,23707.0,0.23,0.029,1842.0,8939.0,7.5,6.5
902,2021-05-13,24114.0,0.23,0.029,1842.0,8939.0,7.5,6.5
903,2021-05-14,24670.0,0.23,0.029,1842.0,8939.0,7.5,6.5
904,2021-05-17,24374.0,0.23,0.029,1842.0,8939.0,7.5,6.5
905,2021-05-18,24892.0,0.23,0.029,1842.0,8939.0,7.5,6.5
906,2021-05-19,25003.0,0.23,0.029,1842.0,8939.0,7.5,6.5
907,2021-05-20,24744.0,0.23,0.029,1842.0,8939.0,7.5,6.5
908,2021-05-21,25114.0,0.23,0.029,1842.0,8939.0,7.5,6.5
909,2021-05-24,24707.0,0.23,0.029,1842.0,8939.0,7.5,6.5
910,2021-05-25,24744.0,0.23,0.029,1842.0,8939.0,7.5,6.5
911,2021-05-26,25040.0,0.23,0.029,1842.0,8939.0,7.5,6.5
912,2021-05-27,24929.0,0.23,0.029,1842.0,8939.0,7.5,6.5
913,2021-05-28,25411.0,0.23,0.029,1842.0,8939.0,7.5,6.5
914,2021-05-31,25633.0,0.23,0.029,1842.0,8939.0,7.5,6.5
915,2021-06-01,25670.0,0.23,0.029,1842.0,8939.0,7.5,6.5
916,2021-06-02,26003.0,0.23,0.029,1842.0,8939.0,7.5,6.5
917,2021-06-03,26152.0,0.23,0.029,1842.0,8939.0,7.5,6.5
918,2021-06-04,26559.0,0.23,0.029,1842.0,8939.0,7.5,6.5
919,2021-06-07,26670.0,0.23,0.029,1842.0,8939.0,7.5,6.5
920,2021-06-08,26485.0,0.23,0.029,1842.0,8939.0,7.5,6.5
921,2021-06-09,26596.0,0.23,0.029,1842.0,8939.0,7.5,6.5
922,2021-06-10,26596.0,0.23,0.029,1842.0,8939.0,7.5,6.5
923,2021-06-11,26559.0,0.23,0.029,1842.0,8939.0,7.5,6.5
924,2021-06-14,26263.0,0.23,0.029,1842.0,8939.0,7.5,6.5
925,2021-06-15,24633.0,0.23,0.029,1842.0,8939.0,7.5,6.5
926,2021-06-16,24744.0,0.23,0.029,1842.0,8939.0,7.5,6.5
927,2021-06-17,24448.0,0.23,0.029,1842.0,8939.0,7.5,6.5
928,2021-06-18,24633.0,0.23,0.029,1842.0,8939.0,7.5,6.5
929,2021-06-21,24633.0,0.23,0.029,1842.0,8939.0,7.5,6.5
930,2021-06-22,24448.0,0.23,0.029,1842.0,8939.0,7.5,6.5
931,2021-06-23,25559.0,0.23,0.029,1842.0,8939.0,7.5,6.5
932,2021-06-24,25411.0,0.23,0.029,1842.0,8939.0,7.5,6.5
933,2021-06-25,25263.0,0.23,0.029,1842.0,8939.0,7.5,6.5
934,2021-06-28,25188.0,0.23,0.029,1842.0,8939.0,7.5,6.5
935,2021-06-29,24781.0,0.23,0.029,1842.0,8939.0,7.5,6.5
936,2021-06-30,25077.0,0.23,0.029,1842.0,8939.0,7.5,6.5
937,2021-07-01,26077.0,0.219,0.027,1828.0,9283.0,7.7,6.7
938,2021-07-02,26707.0,0.219,0.027,1828.0,9283.0,7.7,6.7
939,2021-07-05,26929.0,0.219,0.027,1828.0,9283.0,7.7,6.7
940,2021-07-06,26300.0,0.219,0.027,1828.0,9283.0,7.7,6.7
941,2021-07-07,26189.0,0.219,0.027,1828.0,9283.0,7.7,6.7
942,2021-07-08,25670.0,0.219,0.027,1828.0,9283.0,7.7,6.7
943,2021-07-09,25485.0,0.219,0.027,1828.0,9283.0,7.7,6.7
944,2021-07-12,23707.0,0.219,0.027,1828.0,9283.0,7.7,6.7
945,2021-07-13,23707.0,0.219,0.027,1828.0,9283.0,7.7,6.7
946,2021-07-14,22781.0,0.219,0.027,1828.0,9283.0,7.7,6.7
947,2021-07-15,23707.0,0.219,0.027,1828.0,9283.0,7.7,6.7
948,2021-07-16,23892.0,0.219,0.027,1828.0,9283.0,7.7,6.7
949,2021-07-19,22225.0,0.219,0.027,1828.0,9283.0,7.7,6.7
950,2021-07-20,22447.0,0.219,0.027,1828.0,9283.0,7.7,6.7
951,2021-07-21,22336.0,0.219,0.027,1828.0,9283.0,7.7,6.7
952,2021-07-22,22521.0,0.219,0.027,1828.0,9283.0,7.7,6.7
953,2021-07-23,21669.0,0.219,0.027,1828.0,9283.0,7.7,6.7
954,2021-07-26,21003.0,0.219,0.027,1828.0,9283.0,7.7,6.7
955,2021-07-27,21114.0,0.219,0.027,1828.0,9283.0,7.7,6.7
956,2021-07-28,20855.0,0.219,0.027,1828.0,9283.0,7.7,6.7
957,2021-07-29,21373.0,0.219,0.027,1828.0,9283.0,7.7,6.7
958,2021-07-30,22596.0,0.219,0.027,1828.0,9283.0,7.7,6.7
959,2021-08-02,22373.0,0.219,0.027,1828.0,9283.0,7.7,6.7
960,2021-08-03,22521.0,0.219,0.027,1828.0,9283.0,7.7,6.7
961,2021-08-04,22410.0,0.219,0.027,1828.0,9283.0,7.7,6.7
962,2021-08-05,22892.0,0.219,0.027,1828.0,9283.0,7.7,6.7
963,2021-08-06,22447.0,0.219,0.027,1828.0,9283.0,7.7,6.7
964,2021-08-09,22596.0,0.219,0.027,1828.0,9283.0,7.7,6.7
965,2021-08-10,22410.0,0.219,0.027,1828.0,9283.0,7.7,6.7
966,2021-08-11,22670.0,0.219,0.027,1828.0,9283.0,7.7,6.7
967,2021-08-12,22929.0,0.219,0.027,1828.0,9283.0,7.7,6.7
968,2021-08-13,23559.0,0.219,0.027,1828.0,9283.0,7.7,6.7
969,2021-08-16,24299.0,0.219,0.027,1828.0,9283.0,7.7,6.7
970,2021-08-17,24114.0,0.219,0.027,1828.0,9283.0,7.7,6.7
971,2021-08-18,23707.0,0.219,0.027,1828.0,9283.0,7.7,6.7
972,2021-08-19,23929.0,0.219,0.027,1828.0,9283.0,7.7,6.7
973,2021-08-20,23151.0,0.219,0.027,1828.0,9283.0,7.7,6.7
974,2021-08-23,22447.0,0.219,0.027,1828.0,9283.0,7.7,6.7
975,2021-08-24,22596.0,0.219,0.027,1828.0,9283.0,7.7,6.7
976,2021-08-25,22744.0,0.219,0.027,1828.0,9283.0,7.7,6.7
977,2021-08-26,22521.0,0.219,0.027,1828.0,9283.0,7.7,6.7
978,2021-08-27,22670.0,0.219,0.027,1828.0,9283.0,7.7,6.7
979,2021-08-30,22818.0,0.219,0.027,1828.0,9283.0,7.7,6.7
980,2021-08-31,22818.0,0.219,0.027,1828.0,9283.0,7.7,6.7
981,2021-09-01,22781.0,0.219,0.027,1828.0,9283.0,7.7,6.7
982,2021-09-06,22633.0,0.219,0.027,1828.0,9283.0,7.7,6.7
983,2021-09-07,23522.0,0.219,0.027,1828.0,9283.0,7.7,6.7
984,2021-09-08,22966.0,0.219,0.027,1828.0,9283.0,7.7,6.7
985,2021-09-09,23485.0,0.219,0.027,1828.0,9283.0,7.7,6.7
986,2021-09-10,23929.0,0.219,0.027,1828.0,9283.0,7.7,6.7
987,2021-09-13,24003.0,0.219,0.027,1828.0,9283.0,7.7,6.7
988,2021-09-14,23670.0,0.219,0.027,1828.0,9283.0,7.7,6.7
989,2021-09-15,23670.0,0.219,0.027,1828.0,9283.0,7.7,6.7
990,2021-09-16,24077.0,0.219,0.027,1828.0,9283.0,7.7,6.7
991,2021-09-17,24818.0,0.219,0.027,1828.0,9283.0,7.7,6.7
992,2021-09-20,25003.0,0.219,0.027,1828.0,9283.0,7.7,6.7
993,2021-09-21,24781.0,0.219,0.027,1828.0,9283.0,7.7,6.7
994,2021-09-22,24744.0,0.219,0.027,1828.0,9283.0,7.7,6.7
995,2021-09-23,24818.0,0.219,0.027,1828.0,9283.0,7.7,6.7
996,2021-09-24,24818.0,0.219,0.027,1828.0,9283.0,7.7,6.7
997,2021-09-27,24818.0,0.219,0.027,1828.0,9283.0,7.7,6.7
998,2021-09-28,24744.0,0.219,0.027,1828.0,9283.0,7.7,6.7
999,2021-09-29,24448.0,0.219,0.027,1828.0,9283.0,7.7,6.7
1000,2021-09-30,24411.0,0.219,0.027,1828.0,9283.0,7.7,6.7
1001,2021-10-01,23670.0,0.18,0.024,1758.0,12877.0,6.3,5.3
1002,2021-10-04,23336.0,0.18,0.024,1758.0,12877.0,6.3,5.3
1003,2021-10-05,23188.0,0.18,0.024,1758.0,12877.0,6.3,5.3
1004,2021-10-06,22818.0,0.18,0.024,1758.0,12877.0,6.3,5.3
1005,2021-10-07,23768.0,0.18,0.024,1758.0,12877.0,6.3,5.3
1006,2021-10-08,23935.0,0.18,0.024,1758.0,12877.0,6.3,5.3
1007,2021-10-11,24535.0,0.18,0.024,1758.0,12877.0,6.3,5.3
1008,2021-10-12,24468.0,0.18,0.024,1758.0,12877.0,6.3,5.3
1009,2021-10-13,24568.0,0.18,0.024,1758.0,12877.0,6.3,5.3
1010,2021-10-14,24635.0,0.18,0.024,1758.0,12877.0,6.3,5.3
1011,2021-10-15,25001.0,0.18,0.024,1758.0,12877.0,6.3,5.3
1012,2021-10-18,25601.0,0.18,0.024,1758.0,12877.0,6.3,5.3
1013,2021-10-19,25668.0,0.18,0.024,1758.0,12877.0,6.3,5.3
1014,2021-10-20,25535.0,0.18,0.024,1758.0,12877.0,6.3,5.3
1015,2021-10-21,25035.0,0.18,0.024,1758.0,12877.0,6.3,5.3
1016,2021-10-22,24801.0,0.18,0.024,1758.0,12877.0,6.3,5.3
1017,2021-10-25,24668.0,0.18,0.024,1758.0,12877.0,6.3,5.3
1018,2021-10-26,24701.0,0.18,0.024,1758.0,12877.0,6.3,5.3
1019,2021-10-27,25301.0,0.18,0.024,1758.0,12877.0,6.3,5.3
1020,2021-10-28,25735.0,0.18,0.024,1758.0,12877.0,6.3,5.3
1021,2021-10-29,25368.0,0.18,0.024,1758.0,12877.0,6.3,5.3
1022,2021-11-01,25035.0,0.18,0.024,1758.0,12877.0,6.3,5.3
1023,2021-11-02,25035.0,0.18,0.024,1758.0,12877.0,6.3,5.3
1024,2021-11-03,25601.0,0.18,0.024,1758.0,12877.0,6.3,5.3
1025,2021-11-04,25335.0,0.18,0.024,1758.0,12877.0,6.3,5.3
1026,2021-11-05,25301.0,0.18,0.024,1758.0,12877.0,6.3,5.3
1027,2021-11-08,25035.0,0.18,0.024,1758.0,12877.0,6.3,5.3
1028,2021-11-09,24701.0,0.18,0.024,1758.0,12877.0,6.3,5.3
1029,2021-11-10,24468.0,0.18,0.024,1758.0,12877.0,6.3,5.3
1030,2021-11-11,24335.0,0.18,0.024,1758.0,12877.0,6.3,5.3
1031,2021-11-12,24501.0,0.18,0.024,1758.0,12877.0,6.3,5.3
1032,2021-11-15,24101.0,0.18,0.024,1758.0,12877.0,6.3,5.3
1033,2021-11-16,24101.0,0.18,0.024,1758.0,12877.0,6.3,5.3
1034,2021-11-17,24101.0,0.18,0.024,1758.0,12877.0,6.3,5.3
1035,2021-11-18,23601.0,0.18,0.024,1758.0,12877.0,6.3,5.3
1036,2021-11-19,24135.0,0.18,0.024,1758.0,12877.0,6.3,5.3
1037,2021-11-22,24468.0,0.18,0.024,1758.0,12877.0,6.3,5.3
1038,2021-11-23,24168.0,0.18,0.024,1758.0,12877.0,6.3,5.3
1039,2021-11-24,24868.0,0.18,0.024,1758.0,12877.0,6.3,5.3
1040,2021-11-25,25335.0,0.18,0.024,1758.0,12877.0,6.3,5.3
1041,2021-11-26,26135.0,0.18,0.024,1758.0,12877.0,6.3,5.3
1042,2021-11-29,25601.0,0.18,0.024,1758.0,12877.0,6.3,5.3
1043,2021-11-30,25135.0,0.18,0.024,1758.0,12877.0,6.3,5.3
1044,2021-12-01,25268.0,0.18,0.024,1758.0,12877.0,6.3,5.3
1045,2021-12-02,24668.0,0.18,0.024,1758.0,12877.0,6.3,5.3
1046,2021-12-03,23801.0,0.18,0.024,1758.0,12877.0,6.3,5.3
1047,2021-12-06,23668.0,0.18,0.024,1758.0,12877.0,6.3,5.3
1048,2021-12-07,23768.0,0.18,0.024,1758.0,12877.0,6.3,5.3
1049,2021-12-08,23835.0,0.18,0.024,1758.0,12877.0,6.3,5.3
1050,2021-12-09,23735.0,0.18,0.024,1758.0,12877.0,6.3,5.3
1051,2021-12-10,23868.0,0.18,0.024,1758.0,12877.0,6.3,5.3
1052,2021-12-13,23601.0,0.18,0.024,1758.0,12877.0,6.3,5.3
1053,2021-12-14,23335.0,0.18,0.024,1758.0,12877.0,6.3,5.3
1054,2021-12-15,23101.0,0.18,0.024,1758.0,12877.0,6.3,5.3
1055,2021-12-16,22468.0,0.18,0.024,1758.0,12877.0,6.3,5.3
1056,2021-12-17,22534.0,0.18,0.024,1758.0,12877.0,6.3,5.3
1057,2021-12-20,22768.0,0.18,0.024,1758.0,12877.0,6.3,5.3
1058,2021-12-21,22768.0,0.18,0.024,1758.0,12877.0,6.3,5.3
1059,2021-12-22,22401.0,0.18,0.024,1758.0,12877.0,6.3,5.3
1060,2021-12-23,21601.0,0.18,0.024,1758.0,12877.0,6.3,5.3
1061,2021-12-24,22834.0,0.18,0.024,1758.0,12877.0,6.3,5.3
1062,2021-12-27,22901.0,0.18,0.024,1758.0,12877.0,6.3,5.3
1063,2021-12-28,23034.0,0.18,0.024,1758.0,12877.0,6.3,5.3
1064,2021-12-29,23168.0,0.18,0.024,1758.0,12877.0,6.3,5.3
1065,2021-12-30,23601.0,0.18,0.024,1758.0,12877.0,6.3,5.3
1066,2021-12-31,23868.0,0.18,0.024,1758.0,12877.0,6.3,5.3
1067,2022-01-04,24035.0,0.242,0.035,2573.0,14181.0,5.9,4.9
1068,2022-01-05,23668.0,0.242,0.035,2573.0,14181.0,5.9,4.9
1069,2022-01-06,23435.0,0.242,0.035,2573.0,14181.0,5.9,4.9
1070,2022-01-07,23068.0,0.242,0.035,2573.0,14181.0,5.9,4.9
1071,2022-01-10,22934.0,0.242,0.035,2573.0,14181.0,5.9,4.9
1072,2022-01-11,22868.0,0.242,0.035,2573.0,14181.0,5.9,4.9
1073,2022-01-12,23601.0,0.242,0.035,2573.0,14181.0,5.9,4.9
1074,2022-01-13,23501.0,0.242,0.035,2573.0,14181.0,5.9,4.9
1075,2022-01-14,23234.0,0.242,0.035,2573.0,14181.0,5.9,4.9
1076,2022-01-17,22034.0,0.242,0.035,2573.0,14181.0,5.9,4.9
1077,2022-01-18,22168.0,0.242,0.035,2573.0,14181.0,5.9,4.9
1078,2022-01-19,22334.0,0.242,0.035,2573.0,14181.0,5.9,4.9
1079,2022-01-20,22634.0,0.242,0.035,2573.0,14181.0,5.9,4.9
1080,2022-01-21,22868.0,0.242,0.035,2573.0,14181.0,5.9,4.9
1081,2022-01-24,22301.0,0.242,0.035,2573.0,14181.0,5.9,4.9
1082,2022-01-25,23268.0,0.242,0.035,2573.0,14181.0,5.9,4.9
1083,2022-01-26,23935.0,0.242,0.035,2573.0,14181.0,5.9,4.9
1084,2022-01-27,23635.0,0.242,0.035,2573.0,14181.0,5.9,4.9
1085,2022-01-28,24435.0,0.242,0.035,2573.0,14181.0,5.9,4.9
1086,2022-02-07,24201.0,0.242,0.035,2573.0,14181.0,5.9,4.9
1087,2022-02-08,24868.0,0.242,0.035,2573.0,14181.0,5.9,4.9
1088,2022-02-09,24735.0,0.242,0.035,2573.0,14181.0,5.9,4.9
1089,2022-02-10,24468.0,0.242,0.035,2573.0,14181.0,5.9,4.9
1090,2022-02-11,24401.0,0.242,0.035,2573.0,14181.0,5.9,4.9
1091,2022-02-14,23335.0,0.242,0.035,2573.0,14181.0,5.9,4.9
1092,2022-02-15,23968.0,0.242,0.035,2573.0,14181.0,5.9,4.9
1093,2022-02-16,23768.0,0.242,0.035,2573.0,14181.0,5.9,4.9
1094,2022-02-17,24201.0,0.242,0.035,2573.0,14181.0,5.9,4.9
1095,2022-02-18,23935.0,0.242,0.035,2573.0,14181.0,5.9,4.9
1096,2022-02-21,23935.0,0.242,0.035,2573.0,14181.0,5.9,4.9
1097,2022-02-22,23701.0,0.242,0.035,2573.0,14181.0,5.9,4.9
1098,2022-02-23,23935.0,0.242,0.035,2573.0,14181.0,5.9,4.9
1099,2022-02-24,24601.0,0.242,0.035,2573.0,14181.0,5.9,4.9
1100,2022-02-25,25468.0,0.242,0.035,2573.0,14181.0,5.9,4.9
1101,2022-02-28,25335.0,0.242,0.035,2573.0,14181.0,5.9,4.9
1102,2022-03-01,25168.0,0.242,0.035,2573.0,14181.0,5.9,4.9
1103,2022-03-02,24335.0,0.242,0.035,2573.0,14181.0,5.9,4.9
1104,2022-03-03,24968.0,0.242,0.035,2573.0,14181.0,5.9,4.9
1105,2022-03-04,25401.0,0.242,0.035,2573.0,14181.0,5.9,4.9
1106,2022-03-07,25135.0,0.242,0.035,2573.0,14181.0,5.9,4.9
1107,2022-03-08,24668.0,0.242,0.035,2573.0,14181.0,5.9,4.9
1108,2022-03-09,24568.0,0.242,0.035,2573.0,14181.0,5.9,4.9
1109,2022-03-10,24501.0,0.242,0.035,2573.0,14181.0,5.9,4.9
1110,2022-03-11,24268.0,0.242,0.035,2573.0,14181.0,5.9,4.9
1111,2022-03-14,24001.0,0.242,0.035,2573.0,14181.0,5.9,4.9
1112,2022-03-15,24601.0,0.242,0.035,2573.0,14181.0,5.9,4.9
1113,2022-03-16,24535.0,0.242,0.035,2573.0,14181.0,5.9,4.9
1114,2022-03-17,24301.0,0.242,0.035,2573.0,14181.0,5.9,4.9
1115,2022-03-18,24168.0,0.242,0.035,2573.0,14181.0,5.9,4.9
1116,2022-03-21,24535.0,0.242,0.035,2573.0,14181.0,5.9,4.9
1117,2022-03-22,24568.0,0.242,0.035,2573.0,14181.0,5.9,4.9
1118,2022-03-23,24435.0,0.242,0.035,2573.0,14181.0,5.9,4.9
1119,2022-03-24,24235.0,0.242,0.035,2573.0,14181.0,5.9,4.9
1120,2022-03-25,24501.0,0.242,0.035,2573.0,14181.0,5.9,4.9
1121,2022-03-28,24168.0,0.242,0.035,2573.0,14181.0,5.9,4.9
1122,2022-03-29,24268.0,0.242,0.035,2573.0,14181.0,5.9,4.9
1123,2022-03-30,24535.0,0.242,0.035,2573.0,14181.0,5.9,4.9
1124,2022-03-31,24801.0,0.242,0.035,2573.0,14181.0,5.9,4.9
1125,2022-04-01,25735.0,0.223,0.032,2497.0,14676.0,6.2,5.2
1126,2022-04-04,26001.0,0.223,0.032,2497.0,14676.0,6.2,5.2
1127,2022-04-05,25535.0,0.223,0.032,2497.0,14676.0,6.2,5.2
1128,2022-04-06,26635.0,0.223,0.032,2497.0,14676.0,6.2,5.2
1129,2022-04-07,26535.0,0.223,0.032,2497.0,14676.0,6.2,5.2
1130,2022-04-08,25868.0,0.223,0.032,2497.0,14676.0,6.2,5.2
1131,2022-04-12,26001.0,0.223,0.032,2497.0,14676.0,6.2,5.2
1132,2022-04-13,26001.0,0.223,0.032,2497.0,14676.0,6.2,5.2
1133,2022-04-14,26335.0,0.223,0.032,2497.0,14676.0,6.2,5.2
1134,2022-04-15,25668.0,0.223,0.032,2497.0,14676.0,6.2,5.2
1135,2022-04-18,24435.0,0.223,0.032,2497.0,14676.0,6.2,5.2
1136,2022-04-19,23868.0,0.223,0.032,2497.0,14676.0,6.2,5.2
1137,2022-04-20,23468.0,0.223,0.032,2497.0,14676.0,6.2,5.2
1138,2022-04-21,23668.0,0.223,0.032,2497.0,14676.0,6.2,5.2
1139,2022-04-22,24535.0,0.223,0.032,2497.0,14676.0,6.2,5.2
1140,2022-04-25,22834.0,0.223,0.032,2497.0,14676.0,6.2,5.2
1141,2022-04-26,24268.0,0.223,0.032,2497.0,14676.0,6.2,5.2
1142,2022-04-27,23968.0,0.223,0.032,2497.0,14676.0,6.2,5.2
1143,2022-04-28,24335.0,0.223,0.032,2497.0,14676.0,6.2,5.2
1144,2022-04-29,24468.0,0.223,0.032,2497.0,14676.0,6.2,5.2
1145,2022-05-04,23868.0,0.223,0.032,2497.0,14676.0,6.2,5.2
1146,2022-05-05,23701.0,0.223,0.032,2497.0,14676.0,6.2,5.2
1147,2022-05-06,22768.0,0.223,0.032,2497.0,14676.0,6.2,5.2
1148,2022-05-09,21201.0,0.223,0.032,2497.0,14676.0,6.2,5.2
1149,2022-05-10,22201.0,0.223,0.032,2497.0,14676.0,6.2,5.2
1150,2022-05-11,22268.0,0.223,0.032,2497.0,14676.0,6.2,5.2
1151,2022-05-12,20734.0,0.223,0.032,2497.0,14676.0,6.2,5.2
1152,2022-05-13,19334.0,0.223,0.032,2497.0,14676.0,6.2,5.2
1153,2022-05-16,19334.0,0.223,0.032,2497.0,14676.0,6.2,5.2
1154,2022-05-17,20668.0,0.223,0.032,2497.0,14676.0,6.2,5.2
1155,2022-05-18,20634.0,0.223,0.032,2497.0,14676.0,6.2,5.2
1156,2022-05-19,20301.0,0.223,0.032,2497.0,14676.0,6.2,5.2
1157,2022-05-20,20401.0,0.223,0.032,2497.0,14676.0,6.2,5.2
1158,2022-05-23,19534.0,0.223,0.032,2497.0,14676.0,6.2,5.2
1159,2022-05-24,20001.0,0.223,0.032,2497.0,14676.0,6.2,5.2
1160,2022-05-25,21001.0,0.223,0.032,2497.0,14676.0,6.2,5.2
1161,2022-05-26,20701.0,0.223,0.032,2497.0,14676.0,6.2,5.2
1162,2022-05-27,20734.0,0.223,0.032,2497.0,14676.0,6.2,5.2
1163,2022-05-30,21068.0,0.223,0.032,2497.0,14676.0,6.2,5.2
1164,2022-05-31,20668.0,0.223,0.032,2497.0,14676.0,6.2,5.2
1165,2022-06-01,20568.0,0.223,0.032,2497.0,14676.0,6.2,5.2
1166,2022-06-02,20168.0,0.223,0.032,2497.0,14676.0,6.2,5.2
1167,2022-06-03,20501.0,0.223,0.032,2497.0,14676.0,6.2,5.2
1168,2022-06-06,20401.0,0.223,0.032,2497.0,14676.0,6.2,5.2
1169,2022-06-07,20301.0,0.223,0.032,2497.0,14676.0,6.2,5.2
1170,2022-06-08,21201.0,0.223,0.032,2497.0,14676.0,6.2,5.2
1171,2022-06-09,21001.0,0.223,0.032,2497.0,14676.0,6.2,5.2
1172,2022-06-10,20601.0,0.223,0.032,2497.0,14676.0,6.2,5.2
1173,2022-06-13,19168.0,0.223,0.032,2497.0,14676.0,6.2,5.2
1174,2022-06-14,19234.0,0.223,0.032,2497.0,14676.0,6.2,5.2
1175,2022-06-15,19234.0,0.223,0.032,2497.0,14676.0,6.2,5.2
1176,2022-06-16,19334.0,0.223,0.032,2497.0,14676.0,6.2,5.2
1177,2022-06-17,18601.0,0.223,0.032,2497.0,14676.0,6.2,5.2
1178,2022-06-20,18068.0,0.223,0.032,2497.0,14676.0,6.2,5.2
1179,2022-06-21,18134.0,0.223,0.032,2497.0,14676.0,6.2,5.2
1180,2022-06-22,18934.0,0.223,0.032,2497.0,14676.0,6.2,5.2
1181,2022-06-23,18968.0,0.223,0.032,2497.0,14676.0,6.2,5.2
1182,2022-06-24,18768.0,0.223,0.032,2497.0,14676.0,6.2,5.2
1183,2022-06-27,19268.0,0.223,0.032,2497.0,14676.0,6.2,5.2
1184,2022-06-28,20001.0,0.223,0.032,2497.0,14676.0,6.2,5.2
1185,2022-06-29,20001.0,0.223,0.032,2497.0,14676.0,6.2,5.2
1186,2022-06-30,19334.0,0.223,0.032,2497.0,14676.0,6.2,5.2
1187,2022-07-01,19401.0,0.234,0.034,2731.0,15248.0,5.8,4.8
1188,2022-07-04,19468.0,0.234,0.034,2731.0,15248.0,5.8,4.8
1189,2022-07-05,19668.0,0.234,0.034,2731.0,15248.0,5.8,4.8
1190,2022-07-06,19201.0,0.234,0.034,2731.0,15248.0,5.8,4.8
1191,2022-07-07,19268.0,0.234,0.034,2731.0,15248.0,5.8,4.8
1192,2022-07-08,19068.0,0.234,0.034,2731.0,15248.0,5.8,4.8
1193,2022-07-11,18334.0,0.234,0.034,2731.0,15248.0,5.8,4.8
1194,2022-07-12,18501.0,0.234,0.034,2731.0,15248.0,5.8,4.8
1195,2022-07-13,18501.0,0.234,0.034,2731.0,15248.0,5.8,4.8
1196,2022-07-14,18701.0,0.234,0.034,2731.0,15248.0,5.8,4.8
1197,2022-07-15,18834.0,0.234,0.034,2731.0,15248.0,5.8,4.8
1198,2022-07-18,18768.0,0.234,0.034,2731.0,15248.0,5.8,4.8
1199,2022-07-19,18668.0,0.234,0.034,2731.0,15248.0,5.8,4.8
1200,2022-07-20,18768.0,0.234,0.034,2731.0,15248.0,5.8,4.8
1201,2022-07-21,18801.0,0.234,0.034,2731.0,15248.0,5.8,4.8
1202,2022-07-22,18768.0,0.234,0.034,2731.0,15248.0,5.8,4.8
1203,2022-07-25,18434.0,0.234,0.034,2731.0,15248.0,5.8,4.8
1204,2022-07-26,18468.0,0.234,0.034,2731.0,15248.0,5.8,4.8
1205,2022-07-27,18468.0,0.234,0.034,2731.0,15248.0,5.8,4.8
1206,2022-07-28,18934.0,0.234,0.034,2731.0,15248.0,5.8,4.8
1207,2022-07-29,19134.0,0.234,0.034,2731.0,15248.0,5.8,4.8
1208,2022-08-01,19401.0,0.234,0.034,2731.0,15248.0,5.8,4.8
1209,2022-08-02,19368.0,0.234,0.034,2731.0,15248.0,5.8,4.8
1210,2022-08-03,19334.0,0.234,0.034,2731.0,15248.0,5.8,4.8
1211,2022-08-04,19601.0,0.234,0.034,2731.0,15248.0,5.8,4.8
1212,2022-08-05,19568.0,0.234,0.034,2731.0,15248.0,5.8,4.8
1213,2022-08-08,20001.0,0.234,0.034,2731.0,15248.0,5.8,4.8
1214,2022-08-09,20168.0,0.234,0.034,2731.0,15248.0,5.8,4.8
1215,2022-08-10,20068.0,0.234,0.034,2731.0,15248.0,5.8,4.8
1216,2022-08-11,19734.0,0.234,0.034,2731.0,15248.0,5.8,4.8
1217,2022-08-12,19934.0,0.234,0.034,2731.0,15248.0,5.8,4.8
1218,2022-08-15,20234.0,0.234,0.034,2731.0,15248.0,5.8,4.8
1219,2022-08-16,20101.0,0.234,0.034,2731.0,15248.0,5.8,4.8
1220,2022-08-17,20101.0,0.234,0.034,2731.0,15248.0,5.8,4.8
1221,2022-08-18,20034.0,0.234,0.034,2731.0,15248.0,5.8,4.8
1222,2022-08-19,20834.0,0.234,0.034,2731.0,15248.0,5.8,4.8
1223,2022-08-22,20834.0,0.234,0.034,2731.0,15248.0,5.8,4.8
1224,2022-08-23,20801.0,0.234,0.034,2731.0,15248.0,5.8,4.8
1225,2022-08-24,20934.0,0.234,0.034,2731.0,15248.0,5.8,4.8
1226,2022-08-25,21301.0,0.234,0.034,2731.0,15248.0,5.8,4.8
1227,2022-08-26,21068.0,0.234,0.034,2731.0,15248.0,5.8,4.8
1228,2022-08-29,20801.0,0.234,0.034,2731.0,15248.0,5.8,4.8
1229,2022-08-30,20901.0,0.234,0.034,2731.0,15248.0,5.8,4.8
1230,2022-08-31,21201.0,0.234,0.034,2731.0,15248.0,5.8,4.8
1231,2022-09-05,20868.0,0.234,0.034,2731.0,15248.0,5.8,4.8
1232,2022-09-06,20934.0,0.234,0.034,2731.0,15248.0,5.8,4.8
1233,2022-09-07,20201.0,0.234,0.034,2731.0,15248.0,5.8,4.8
1234,2022-09-08,19934.0,0.234,0.034,2731.0,15248.0,5.8,4.8
1235,2022-09-09,20334.0,0.234,0.034,2731.0,15248.0,5.8,4.8
1236,2022-09-12,20301.0,0.234,0.034,2731.0,15248.0,5.8,4.8
1237,2022-09-13,20334.0,0.234,0.034,2731.0,15248.0,5.8,4.8
1238,2022-09-14,20201.0,0.234,0.034,2731.0,15248.0,5.8,4.8
1239,2022-09-15,20201.0,0.234,0.034,2731.0,15248.0,5.8,4.8
1240,2022-09-16,20368.0,0.234,0.034,2731.0,15248.0,5.8,4.8
1241,2022-09-19,19934.0,0.234,0.034,2731.0,15248.0,5.8,4.8
1242,2022-09-20,20001.0,0.234,0.034,2731.0,15248.0,5.8,4.8
1243,2022-09-21,19668.0,0.234,0.034,2731.0,15248.0,5.8,4.8
1244,2022-09-22,19534.0,0.234,0.034,2731.0,15248.0,5.8,4.8
1245,2022-09-23,19168.0,0.234,0.034,2731.0,15248.0,5.8,4.8
1246,2022-09-26,18401.0,0.234,0.034,2731.0,15248.0,5.8,4.8
1247,2022-09-27,18268.0,0.234,0.034,2731.0,15248.0,5.8,4.8
1248,2022-09-28,18500.0,0.234,0.034,2731.0,15248.0,5.8,4.8
1249,2022-09-29,18000.0,0.234,0.034,2731.0,15248.0,5.8,4.8
1250,2022-09-30,18000.0,0.234,0.034,2731.0,15248.0,5.8,4.8
1251,2022-10-03,17000.0,0.207,0.031,2707.0,15419.0,6.1,5.1
1252,2022-10-04,16800.0,0.207,0.031,2707.0,15419.0,6.1,5.1
1253,2022-10-05,17000.0,0.207,0.031,2707.0,15419.0,6.1,5.1
1254,2022-10-06,16500.0,0.207,0.031,2707.0,15419.0,6.1,5.1
1255,2022-10-07,15350.0,0.207,0.031,2707.0,15419.0,6.1,5.1
1256,2022-10-10,15350.0,0.207,0.031,2707.0,15419.0,6.1,5.1
1257,2022-10-11,15350.0,0.207,0.031,2707.0,15419.0,6.1,5.1
1258,2022-10-12,16000.0,0.207,0.031,2707.0,15419.0,6.1,5.1
1259,2022-10-13,16000.0,0.207,0.031,2707.0,15419.0,6.1,5.1
1260,2022-10-14,16150.0,0.207,0.031,2707.0,15419.0,6.1,5.1
1261,2022-10-17,15950.0,0.207,0.031,2707.0,15419.0,6.1,5.1
1262,2022-10-18,15950.0,0.207,0.031,2707.0,15419.0,6.1,5.1
1263,2022-10-19,15950.0,0.207,0.031,2707.0,15419.0,6.1,5.1
1264,2022-10-20,15950.0,0.207,0.031,2707.0,15419.0,6.1,5.1
1265,2022-10-21,15550.0,0.207,0.031,2707.0,15419.0,6.1,5.1
1266,2022-10-24,15400.0,0.207,0.031,2707.0,15419.0,6.1,5.1
1267,2022-10-25,15450.0,0.207,0.031,2707.0,15419.0,6.1,5.1
1268,2022-10-26,15550.0,0.207,0.031,2707.0,15419.0,6.1,5.1
1269,2022-10-27,16550.0,0.207,0.031,2707.0,15419.0,6.1,5.1
1270,2022-10-28,16350.0,0.207,0.031,2707.0,15419.0,6.1,5.1
1271,2022-10-31,16350.0,0.207,0.031,2707.0,15419.0,6.1,5.1
1272,2022-11-01,17200.0,0.207,0.031,2707.0,15419.0,6.1,5.1
1273,2022-11-02,17500.0,0.207,0.031,2707.0,15419.0,6.1,5.1
1274,2022-11-03,17500.0,0.207,0.031,2707.0,15419.0,6.1,5.1
1275,2022-11-04,16950.0,0.207,0.031,2707.0,15419.0,6.1,5.1
1276,2022-11-07,17100.0,0.207,0.031,2707.0,15419.0,6.1,5.1
1277,2022-11-08,17200.0,0.207,0.031,2707.0,15419.0,6.1,5.1
1278,2022-11-09,17500.0,0.207,0.031,2707.0,15419.0,6.1,5.1
1279,2022-11-10,16300.0,0.207,0.031,2707.0,15419.0,6.1,5.1
1280,2022-11-11,16300.0,0.207,0.031,2707.0,15419.0,6.1,5.1
1281,2022-11-14,15700.0,0.207,0.031,2707.0,15419.0,6.1,5.1
1282,2022-11-15,14650.0,0.207,0.031,2707.0,15419.0,6.1,5.1
1283,2022-11-16,15500.0,0.207,0.031,2707.0,15419.0,6.1,5.1
1284,2022-11-17,15500.0,0.207,0.031,2707.0,15419.0,6.1,5.1
1285,2022-11-18,15500.0,0.207,0.031,2707.0,15419.0,6.1,5.1
1286,2022-11-21,15500.0,0.207,0.031,2707.0,15419.0,6.1,5.1
1287,2022-11-22,15500.0,0.207,0.031,2707.0,15419.0,6.1,5.1
1288,2022-11-23,15050.0,0.207,0.031,2707.0,15419.0,6.1,5.1
1289,2022-11-24,15100.0,0.207,0.031,2707.0,15419.0,6.1,5.1
1290,2022-11-25,15500.0,0.207,0.031,2707.0,15419.0,6.1,5.1
1291,2022-11-28,16100.0,0.207,0.031,2707.0,15419.0,6.1,5.1
1292,2022-11-29,16150.0,0.207,0.031,2707.0,15419.0,6.1,5.1
1293,2022-11-30,16800.0,0.207,0.031,2707.0,15419.0,6.1,5.1
1294,2022-12-01,16800.0,0.207,0.031,2707.0,15419.0,6.1,5.1
1295,2022-12-02,17300.0,0.207,0.031,2707.0,15419.0,6.1,5.1
1296,2022-12-05,18150.0,0.207,0.031,2707.0,15419.0,6.1,5.1
1297,2022-12-06,16900.0,0.207,0.031,2707.0,15419.0,6.1,5.1
1298,2022-12-07,16200.0,0.207,0.031,2707.0,15419.0,6.1,5.1
1299,2022-12-08,17000.0,0.207,0.031,2707.0,15419.0,6.1,5.1
1300,2022-12-09,16900.0,0.207,0.031,2707.0,15419.0,6.1,5.1
1301,2022-12-12,16650.0,0.207,0.031,2707.0,15419.0,6.1,5.1
1302,2022-12-13,17100.0,0.207,0.031,2707.0,15419.0,6.1,5.1
1303,2022-12-14,17050.0,0.207,0.031,2707.0,15419.0,6.1,5.1
1304,2022-12-15,18200.0,0.207,0.031,2707.0,15419.0,6.1,5.1
1305,2022-12-16,18500.0,0.207,0.031,2707.0,15419.0,6.1,5.1
1306,2022-12-19,17950.0,0.207,0.031,2707.0,15419.0,6.1,5.1
1307,2022-12-20,17300.0,0.207,0.031,2707.0,15419.0,6.1,5.1
1308,2022-12-21,17650.0,0.207,0.031,2707.0,15419.0,6.1,5.1
1309,2022-12-22,18450.0,0.207,0.031,2707.0,15419.0,6.1,5.1
1310,2022-12-23,18350.0,0.207,0.031,2707.0,15419.0,6.1,5.1
1311,2022-12-26,17200.0,0.207,0.031,2707.0,15419.0,6.1,5.1
1312,2022-12-27,17900.0,0.207,0.031,2707.0,15419.0,6.1,5.1
1313,2022-12-28,18150.0,0.207,0.031,2707.0,15419.0,6.1,5.1
1314,2022-12-29,17800.0,0.207,0.031,2707.0,15419.0,6.1,5.1
1315,2022-12-30,17900.0,0.207,0.031,2707.0,15419.0,6.1,5.1
1316,2023-01-03,18500.0,0.207,0.031,2707.0,15419.0,6.1,5.1
1317,2023-01-04,18900.0,0.207,0.031,2707.0,15419.0,6.1,5.1
1318,2023-01-05,18950.0,0.207,0.031,2707.0,15419.0,6.1,5.1
1319,2023-01-06,18950.0,0.207,0.031,2707.0,15419.0,6.1,5.1
1320,2023-01-09,18850.0,0.207,0.031,2707.0,15419.0,6.1,5.1
1321,2023-01-10,18700.0,0.207,0.031,2707.0,15419.0,6.1,5.1
1322,2023-01-11,18450.0,0.207,0.031,2707.0,15419.0,6.1,5.1
1323,2023-01-12,18700.0,0.207,0.031,2707.0,15419.0,6.1,5.1
1324,2023-01-13,19400.0,0.207,0.031,2707.0,15419.0,6.1,5.1
1325,2023-01-16,19400.0,0.207,0.031,2707.0,15419.0,6.1,5.1
1326,2023-01-17,19600.0,0.207,0.031,2707.0,15419.0,6.1,5.1
1327,2023-01-18,19650.0,0.207,0.031,2707.0,15419.0,6.1,5.1
1328,2023-01-19,19500.0,0.207,0.031,2707.0,15419.0,6.1,5.1
1329,2023-01-27,19700.0,0.207,0.031,2707.0,15419.0,6.1,5.1
1330,2023-01-30,19250.0,0.207,0.031,2707.0,15419.0,6.1,5.1
1331,2023-01-31,19450.0,0.207,0.031,2707.0,15419.0,6.1,5.1
1332,2023-02-01,18300.0,0.207,0.031,2707.0,15419.0,6.1,5.1
1333,2023-02-02,18400.0,0.207,0.031,2707.0,15419.0,6.1,5.1
1334,2023-02-03,18250.0,0.207,0.031,2707.0,15419.0,6.1,5.1
1335,2023-02-06,18500.0,0.207,0.031,2707.0,15419.0,6.1,5.1
1336,2023-02-07,17950.0,0.207,0.031,2707.0,15419.0,6.1,5.1
1337,2023-02-08,17950.0,0.207,0.031,2707.0,15419.0,6.1,5.1
1338,2023-02-09,18000.0,0.207,0.031,2707.0,15419.0,6.1,5.1
1339,2023-02-10,17500.0,0.207,0.031,2707.0,15419.0,6.1,5.1
1340,2023-02-13,17000.0,0.207,0.031,2707.0,15419.0,6.1,5.1
1341,2023-02-14,16700.0,0.207,0.031,2707.0,15419.0,6.1,5.1
1342,2023-02-15,17200.0,0.207,0.031,2707.0,15419.0,6.1,5.1
1343,2023-02-16,17500.0,0.207,0.031,2707.0,15419.0,6.1,5.1
1344,2023-02-17,17300.0,0.207,0.031,2707.0,15419.0,6.1,5.1
1345,2023-02-20,18300.0,0.207,0.031,2707.0,15419.0,6.1,5.1
1346,2023-02-21,17800.0,0.207,0.031,2707.0,15419.0,6.1,5.1
1347,2023-02-22,17450.0,0.207,0.031,2707.0,15419.0,6.1,5.1
1348,2023-02-23,17550.0,0.207,0.031,2707.0,15419.0,6.1,5.1
1349,2023-02-24,17150.0,0.207,0.031,2707.0,15419.0,6.1,5.1
1350,2023-02-27,17000.0,0.207,0.031,2707.0,15419.0,6.1,5.1
1351,2023-02-28,17050.0,0.207,0.031,2707.0,15419.0,6.1,5.1
